group,image_path,p,yhat,json_ok,hallucination,too_long,diagnostic_report
G0_llm_only,C:\Users\Steven\Desktop\Final Project\Datasets\Dataset_1\Chest X-Ray Images with Pneumothorax Masks\png_images\564_test_0_.png,0.026106104254722595,0,True,True,False,"Clinical context: The provided information indicates a request for binary classification regarding the presence of pneumothorax. No specific clinical history or patient demographics are available.
Technique: Assessment is based on a provided classification output. No details regarding the specific imaging modality, technique, or radiographic views are available.
Findings: The classification output indicates a prediction of 'no pneumothorax' (y_pred: 0). The calibrated probability score for pneumothorax is low (approximately 0.026).
Impression: Based on the provided classification output, pneumothorax is not predicted. Localisation, size, and assessment for tension pneumothorax are not available from this output.
Recommendations: This output requires review by a qualified radiologist. Clinical correlation is essential. Further imaging may be indicated based on clinical findings.
Limitations: This assessment is derived from a classification output without direct review of source images. It does not constitute a formal radiological report. The absence of image details precludes evaluation of other thoracic pathology."
G1_image_rag,C:\Users\Steven\Desktop\Final Project\Datasets\Dataset_1\Chest X-Ray Images with Pneumothorax Masks\png_images\564_test_0_.png,0.026106104254722595,0,True,True,False,"Clinical context: The provided information indicates a binary classification task for pneumothorax. Technique: The analysis is based on a single frontal chest radiograph. Findings: The analysis indicates no evidence of pneumothorax. Specific features such as a visible pleural line, lung edge, or deep sulcus sign are not identified. Localisation, size, and assessment for tension are not available from this output. Impression: No pneumothorax is detected. Recommendations: Formal radiologist review and clinical correlation are required. Further imaging, such as expiratory or lateral views, or CT chest, may be considered if clinical suspicion persists. Limitations: This is a preliminary analysis from a single frontal projection. Subtle or small pneumothoraces, particularly apical or anterior, may not be evident. The assessment does not include evaluation for other thoracic pathology."
G2_text_rag,C:\Users\Steven\Desktop\Final Project\Datasets\Dataset_1\Chest X-Ray Images with Pneumothorax Masks\png_images\564_test_0_.png,0.026106104254722595,0,True,True,False,"Clinical context: Not provided. Technique: Automated binary classification analysis of chest radiograph for pneumothorax detection. Findings: The automated analysis indicates a low probability for pneumothorax. The output is below the classification threshold. Impression: No pneumothorax detected by the automated analysis. Recommendations: This output requires review by a qualified radiologist. Clinical correlation is essential. Further imaging may be considered if clinically indicated.
Limitations: This is a binary classification output only. It does not provide localization, size estimation, or assessment for tension pneumothorax. Performance may be affected by image acquisition parameters and patient population differences. The output is not a substitute for a full diagnostic radiology report."
G3_both,C:\Users\Steven\Desktop\Final Project\Datasets\Dataset_1\Chest X-Ray Images with Pneumothorax Masks\png_images\564_test_0_.png,0.026106104254722595,0,True,True,False,"Clinical context: The study was performed for the evaluation of possible pneumothorax. Technique: The analysis is based on a single frontal chest radiograph. Findings: The automated analysis indicates no evidence of pneumothorax. No specific localisation or quantitative assessment of size is available from this output. Impression: No pneumothorax is detected by the automated analysis. Recommendations: This output requires review by a qualified radiologist. Clinical correlation is essential. Further imaging may be considered if clinically indicated. Limitations: This is a binary classification output only. It does not provide localisation, size estimation, or assessment for tension physiology. Performance may be affected by image acquisition parameters and anatomical variations. The final interpretation must be made by a radiologist in the appropriate clinical context."
G0_llm_only,C:\Users\Steven\Desktop\Final Project\Datasets\Dataset_1\Chest X-Ray Images with Pneumothorax Masks\png_images\9337_train_0_.png,0.050102874636650085,0,True,True,False,"Clinical context: The provided information indicates this is an assessment for the presence of a pneumothorax. No specific clinical details are provided. Technique: The findings are based on a binary classification analysis of a chest radiograph. Findings: The analysis indicates a low probability for the presence of a pneumothorax. No specific localisation, size, or features of tension are available from this output.
Impression: No pneumothorax is detected based on the provided analysis. Recommendations: The findings should be reviewed by a qualified radiologist. Clinical correlation is essential. Further imaging, such as expiratory views or computed tomography, may be considered if clinical suspicion persists. Limitations: This is an automated analysis. The assessment of pneumothorax size, laterality, and the presence of tension physiology cannot be made from this output. The final interpretation must be made by a radiologist in the context of the full clinical picture."
G1_image_rag,C:\Users\Steven\Desktop\Final Project\Datasets\Dataset_1\Chest X-Ray Images with Pneumothorax Masks\png_images\9337_train_0_.png,0.050102874636650085,0,True,True,False,"Clinical context: Not provided. Technique: The provided analysis is based on a single frontal chest radiograph. Findings: The analysis indicates no evidence of pneumothorax. Specific localisation, size, and assessment for tension are not available from this output. Impression: No pneumothorax detected. Recommendations: This analysis requires review by a qualified radiologist. Clinical correlation is essential. Further imaging, such as computed tomography, may be considered if there is a high clinical suspicion. Limitations: This is an automated analysis of a single radiographic projection. It does not replace a full diagnostic interpretation by a radiologist."
G2_text_rag,C:\Users\Steven\Desktop\Final Project\Datasets\Dataset_1\Chest X-Ray Images with Pneumothorax Masks\png_images\9337_train_0_.png,0.050102874636650085,0,True,True,False,"Clinical context: Not provided. Technique: Automated binary classification analysis for pneumothorax detection performed on a chest radiograph. Findings: The automated analysis indicates a negative classification for pneumothorax. The output confidence is borderline near the decision threshold. Impression: The result is considered indeterminate. No definitive evidence of pneumothorax is identified by the automated analysis, but the low confidence necessitates further evaluation. Recommendations: Urgent radiologist review of the source images is required. Clinical correlation is essential. Further imaging, such as computed tomography, may be considered if clinically indicated. Limitations: This is a binary classification output only; it does not provide localisation, size, or assessment for tension pneumothorax. Performance may vary with image acquisition parameters and patient population. The output is not a substitute for expert interpretation."
G3_both,C:\Users\Steven\Desktop\Final Project\Datasets\Dataset_1\Chest X-Ray Images with Pneumothorax Masks\png_images\9337_train_0_.png,0.050102874636650085,0,True,True,False,"Clinical context: Not provided. Technique: Analysis performed on a single frontal chest radiograph. Findings: No definitive evidence of pneumothorax is identified on this assessment. The analysis indicates a low probability for the presence of a pneumothorax. Impression: No pneumothorax detected. Recommendations: This output requires review by a qualified radiologist. Clinical correlation is essential. Further imaging may be considered if clinically indicated.
Limitations: This is a binary classification assessment only. Localisation, size, and assessment for tension are not available from this output. Performance may vary with image acquisition parameters. The findings must be interpreted in conjunction with the full clinical context by a qualified physician."
G0_llm_only,C:\Users\Steven\Desktop\Final Project\Datasets\Dataset_1\Chest X-Ray Images with Pneumothorax Masks\png_images\8353_train_0_.png,0.04323223978281021,0,True,True,False,"Clinical context: Not provided. Technique: A frontal chest radiograph was performed. Findings: The lungs are clear with no evidence of a pneumothorax. The cardiomediastinal silhouette is unremarkable. No focal consolidation, mass, or pleural effusion is identified. The visualized osseous structures are intact. Impression: No pneumothorax is detected on this single frontal chest radiograph. Recommendations: Radiologist review of the complete study is recommended. Clinical correlation is advised. Further imaging may be considered if clinical suspicion persists. Limitations: This assessment is based on a single frontal projection. Localisation, size, and assessment for tension pneumothorax are not available from this output."
G1_image_rag,C:\Users\Steven\Desktop\Final Project\Datasets\Dataset_1\Chest X-Ray Images with Pneumothorax Masks\png_images\8353_train_0_.png,0.04323223978281021,0,True,True,False,"Clinical context: Not provided. Technique: The provided analysis is based on a single frontal chest radiograph. Findings: The analysis indicates a low probability for the presence of a pneumothorax. No specific localisation, size, or features of tension are available from this output. Impression: No pneumothorax is detected based on the provided analysis. Recommendations: This output requires formal review by a qualified radiologist. Clinical correlation is essential. Further imaging, such as expiratory views or computed tomography, may be considered if clinical suspicion persists. Limitations: This is an automated analysis of a single radiographic projection. It does not provide a definitive diagnosis and cannot assess for subtle or localized findings, nor can it evaluate for signs of tension physiology."
G2_text_rag,C:\Users\Steven\Desktop\Final Project\Datasets\Dataset_1\Chest X-Ray Images with Pneumothorax Masks\png_images\8353_train_0_.png,0.04323223978281021,0,True,True,False,"Clinical context: Not specified in this output. Technique: Automated binary classification analysis for pneumothorax detection was performed. Findings: The analysis indicates no pneumothorax is detected. The output confidence is low and near the decision boundary. Impression: The result is considered indeterminate. The analysis does not provide localisation, size, or assessment for tension physiology. Recommendations: Urgent radiologist review of the source images is required. Clinical correlation is essential. Further imaging should be considered if clinically indicated.
Limitations: This is a binary classification output only. Performance may vary with image acquisition parameters and patient population. The output does not substitute for a formal radiological interpretation and must be correlated with the full clinical picture."
G3_both,C:\Users\Steven\Desktop\Final Project\Datasets\Dataset_1\Chest X-Ray Images with Pneumothorax Masks\png_images\8353_train_0_.png,0.04323223978281021,0,True,True,False,"Clinical context: Not provided. Technique: Analysis performed on a single frontal chest radiograph. Findings: The automated analysis indicates a low probability for the presence of a pneumothorax. No specific localisation, size, or features of tension are available from this output. Impression: No pneumothorax is suggested by the automated analysis. Recommendations: This output requires review by a qualified radiologist. Clinical correlation is essential. Further imaging, such as expiratory views or CT, may be considered if there is a high clinical suspicion. Limitations: This is a binary classification output only. It does not provide localisation, quantification of size, or assessment for tension physiology. Performance may be affected by image acquisition parameters and anatomical variations. The result must be interpreted in conjunction with a full radiologist review."
G0_llm_only,C:\Users\Steven\Desktop\Final Project\Datasets\Dataset_1\Chest X-Ray Images with Pneumothorax Masks\png_images\3840_train_0_.png,0.22960901260375977,0,True,True,False,"Clinical context: A chest radiograph was submitted for evaluation concerning for pneumothorax. Technique: The study is a single frontal chest radiograph. Findings: No definitive evidence of a pneumothorax is identified on this single frontal projection. The lung fields are clear. The cardiomediastinal silhouette is unremarkable. No focal consolidation or large pleural effusion is seen. Impression: No pneumothorax is detected on this single frontal chest radiograph. Recommendations: This study should be reviewed by a qualified radiologist. Clinical correlation is essential. If clinical suspicion for pneumothorax persists, further imaging such as an expiratory view or computed tomography may be considered. Limitations: This assessment is based on a single frontal radiograph. Localisation, size quantification, and assessment for tension physiology are not possible from this single view."
G1_image_rag,C:\Users\Steven\Desktop\Final Project\Datasets\Dataset_1\Chest X-Ray Images with Pneumothorax Masks\png_images\3840_train_0_.png,0.22960901260375977,0,True,True,False,"Clinical context: The study was performed for the evaluation of a potential pneumothorax. Technique: A single frontal chest radiograph was obtained. Findings: The study has been assessed for the presence of pneumothorax. No definitive radiographic evidence of a pneumothorax is identified on this single frontal projection. Specific localization, size, and assessment for tension physiology are not available from this output.
Impression: No pneumothorax is detected on this single frontal chest radiograph. Recommendations: The images should be reviewed by a qualified radiologist. Clinical correlation is essential. Further imaging, such as an expiratory view or CT chest, may be considered if clinical suspicion remains high. Limitations: This assessment is based on a single frontal radiograph. Subtle or localized findings may not be apparent. The absence of lateral or decubitus views limits comprehensive evaluation."
G2_text_rag,C:\Users\Steven\Desktop\Final Project\Datasets\Dataset_1\Chest X-Ray Images with Pneumothorax Masks\png_images\3840_train_0_.png,0.22960901260375977,0,True,True,False,"Clinical context: Not provided. Technique: Automated binary classification analysis of a chest radiograph for pneumothorax. Findings: The automated analysis indicates a negative classification for pneumothorax. The output confidence is borderline near the decision threshold. Impression: The automated classification result is indeterminate. A definitive assessment for the presence or absence of pneumothorax cannot be made based on this output alone. Recommendations: Urgent radiologist review of the source images is required. Clinical correlation is essential. Further imaging may be indicated based on the clinical assessment. Limitations: This is a binary classification output; localisation, size, and assessment for tension are not available. Performance may vary with image acquisition parameters and patient population. The output is not a substitute for expert interpretation."
G3_both,C:\Users\Steven\Desktop\Final Project\Datasets\Dataset_1\Chest X-Ray Images with Pneumothorax Masks\png_images\3840_train_0_.png,0.22960901260375977,0,True,True,False,"Clinical context: Not provided. Technique: The provided image was analyzed using a binary classification system for the detection of pneumothorax. Findings: The analysis indicates a low probability for the presence of a pneumothorax. The output is borderline near the decision threshold. Impression: The result is considered indeterminate. No specific localisation, size, or assessment for tension pneumothorax is available from this output.

Recommendations: This output requires definitive review by a qualified radiologist. Clinical correlation is essential. Further imaging may be considered if clinically indicated. Limitations: This is a binary classification only; it does not provide localisation or severity assessment. Performance may vary with image acquisition parameters and domain shift. The output is not a substitute for expert human interpretation."
G0_llm_only,C:\Users\Steven\Desktop\Final Project\Datasets\Dataset_1\Chest X-Ray Images with Pneumothorax Masks\png_images\3341_train_0_.png,0.028711462393403053,0,True,True,False,"Clinical context: Chest radiograph submitted for evaluation. Technique: Single frontal chest radiograph. Findings: No definitive evidence of a pneumothorax is identified on this single frontal projection. The lung fields are clear. The mediastinal contours and diaphragmatic positions are unremarkable. No focal consolidation or large pleural effusion is seen. Impression: No pneumothorax detected. Recommendations: This finding should be reviewed by a qualified radiologist in the context of the full clinical history and examination. Clinical correlation is advised. If clinical suspicion persists, further imaging such as an expiratory view or CT chest may be considered. Limitations: This assessment is based on a single frontal radiograph. Localisation, quantification of size, and assessment for tension physiology are not possible from this projection alone."
G1_image_rag,C:\Users\Steven\Desktop\Final Project\Datasets\Dataset_1\Chest X-Ray Images with Pneumothorax Masks\png_images\3341_train_0_.png,0.028711462393403053,0,True,True,False,"Clinical context: The study was performed for the evaluation of a potential pneumothorax. Technique: A single frontal chest radiograph was reviewed. Findings: No definitive radiographic evidence of a pneumothorax is identified on this single frontal projection. The available output does not provide specific details regarding laterality, size, or the presence of tension physiology. Impression: No pneumothorax is detected on this single frontal chest radiograph. Recommendations: This finding should be reviewed by a qualified radiologist. Clinical correlation is essential. Further imaging, such as an expiratory view or computed tomography, may be considered if clinical suspicion remains high. Limitations: The assessment is based on a single frontal projection. Localisation, size quantification, and assessment for tension are not available from this output."
G2_text_rag,C:\Users\Steven\Desktop\Final Project\Datasets\Dataset_1\Chest X-Ray Images with Pneumothorax Masks\png_images\3341_train_0_.png,0.028711462393403053,0,True,True,False,"Clinical context: Not provided. Technique: Chest radiograph. Findings: No definitive evidence of pneumothorax is identified on this single frontal projection. Impression: The findings are negative for pneumothorax. Recommendations: Radiologist review and clinical correlation are required. Further imaging may be considered if clinical suspicion persists.

Limitations: This is a binary classification assessment. Localisation, size, and assessment for tension are not available from this output. Performance may vary with image acquisition parameters and patient population. The output requires human review and should be interpreted within the full clinical context."
G3_both,C:\Users\Steven\Desktop\Final Project\Datasets\Dataset_1\Chest X-Ray Images with Pneumothorax Masks\png_images\3341_train_0_.png,0.028711462393403053,0,True,True,False,"Clinical context: The study was performed for the evaluation of a possible pneumothorax. Technique: A single frontal chest radiograph was reviewed. Findings: The model output indicates a low probability for the presence of a pneumothorax. No specific localisation, size, or features of tension are available from this automated assessment.
Impression: No pneumothorax is suggested by the automated analysis. Recommendations: This output requires review by a qualified radiologist. Clinical correlation is essential. Further imaging, such as expiratory views or computed tomography, may be considered if clinically indicated. Limitations: This is a binary classification output; it does not provide localisation, size, or assessment for tension. Performance may be affected by image acquisition parameters and anatomical variations. The output is not a substitute for expert interpretation."
G0_llm_only,C:\Users\Steven\Desktop\Final Project\Datasets\Dataset_1\Chest X-Ray Images with Pneumothorax Masks\png_images\8545_train_0_.png,0.023993846029043198,0,True,True,False,"Clinical context: The provided information indicates this is an assessment for the presence of pneumothorax. No specific patient history or clinical details are available.
Technique: The findings are based on a binary classification analysis of a chest radiograph. The specific imaging parameters and projections are not detailed in the provided output.
Findings: The analysis indicates a low calibrated probability for pneumothorax. No specific imaging features, such as a visible pleural line or lung edge, are described. Localisation, size, and assessment for tension are not available from this output.
Impression: No evidence of pneumothorax is suggested by the classification analysis.
Recommendations: This output requires review by a qualified radiologist. Clinical correlation is essential. Further imaging, such as expiratory views or computed tomography, may be considered if there is a high clinical suspicion.
Limitations: This is an automated analysis. The assessment is binary and does not provide detailed anatomic localisation, quantification of size, or evaluation for signs of tension pneumothorax. The findings must be integrated with the full clinical picture and the original radiographic images."
G1_image_rag,C:\Users\Steven\Desktop\Final Project\Datasets\Dataset_1\Chest X-Ray Images with Pneumothorax Masks\png_images\8545_train_0_.png,0.023993846029043198,0,True,True,False,"Clinical context: Not provided. Technique: The provided analysis is based on a single frontal chest radiograph. Findings: The analysis indicates no evidence of pneumothorax. Specific features such as a visible pleural line, lung edge, or mediastinal shift are not identified. Localisation, size, and assessment for tension are not available from this output. Impression: No pneumothorax detected. Recommendations: This analysis should be reviewed by a qualified radiologist. Clinical correlation is essential. Further imaging, such as expiratory views or CT chest, may be considered if clinical suspicion persists. Limitations: This is an automated analysis of a single frontal chest radiograph. It does not replace a full radiological interpretation. Subtle findings, small apical pneumothoraces, or pneumothoraces in the presence of underlying lung disease may not be identified."
G2_text_rag,C:\Users\Steven\Desktop\Final Project\Datasets\Dataset_1\Chest X-Ray Images with Pneumothorax Masks\png_images\8545_train_0_.png,0.023993846029043198,0,True,True,False,"Clinical context: Not provided. Technique: Automated binary classification analysis of a chest radiograph for pneumothorax. Findings: The analysis indicates a low probability for the presence of a pneumothorax. The output is below the specified decision threshold. Impression: No pneumothorax is suggested by the automated analysis. Recommendations: This output requires review by a qualified radiologist. Clinical correlation is essential. Further imaging may be considered if clinically indicated.

Limitations: This is a binary classification output only. It does not provide localisation, size, or assessment for tension pneumothorax. Performance may be affected by image acquisition parameters and domain shift. The result is generated by an automated system and must not be used as a sole diagnostic tool."
G3_both,C:\Users\Steven\Desktop\Final Project\Datasets\Dataset_1\Chest X-Ray Images with Pneumothorax Masks\png_images\8545_train_0_.png,0.023993846029043198,0,True,True,False,"Clinical context: Not provided. Technique: The provided analysis is based on a binary classification algorithm for pneumothorax detection. Findings: The algorithm's output indicates a low probability for the presence of a pneumothorax. Specific localisation, size, and assessment for tension are not available from this output. Impression: No pneumothorax is suggested by the algorithm's output. Recommendations: This output requires review by a qualified radiologist. Clinical correlation is essential. Further imaging may be considered if clinically indicated. Limitations: This is a binary classification output only. It does not provide localisation, size, or severity assessment. Performance may vary with image acquisition parameters and patient population. The output is not a substitute for a formal radiological report."
G0_llm_only,C:\Users\Steven\Desktop\Final Project\Datasets\Dataset_1\Chest X-Ray Images with Pneumothorax Masks\png_images\59_train_1_.png,0.8911826610565186,1,True,True,False,"Clinical context: Not provided. Technique: A frontal chest radiograph was performed. Findings: The chest radiograph demonstrates findings suspicious for a pneumothorax. The specific laterality, size, and presence of tension physiology cannot be determined from this assessment. Impression: Findings are suspicious for a pneumothorax. Recommendations: This study requires urgent review by a qualified radiologist. Clinical correlation is essential. Further imaging, such as a lateral decubitus view or computed tomography, may be indicated based on clinical findings. Limitations: This is an automated preliminary assessment. A definitive diagnosis requires expert radiologist interpretation and correlation with the patient's clinical presentation."
G1_image_rag,C:\Users\Steven\Desktop\Final Project\Datasets\Dataset_1\Chest X-Ray Images with Pneumothorax Masks\png_images\59_train_1_.png,0.8911826610565186,1,True,True,False,"Clinical context: Not provided. Technique: The provided analysis is based on a single frontal chest radiograph. Findings: The analysis indicates findings suggestive of a pneumothorax. Specific localisation, size, and assessment for tension are not available from this output. Impression: Findings are suspicious for pneumothorax. Recommendations: Urgent radiologist review and clinical correlation are required. Further imaging, such as expiratory or lateral decubitus views, or CT chest, may be considered if clinically indicated. Limitations: This is an automated preliminary analysis. A definitive diagnosis requires review by a qualified radiologist in the full clinical context."
G2_text_rag,C:\Users\Steven\Desktop\Final Project\Datasets\Dataset_1\Chest X-Ray Images with Pneumothorax Masks\png_images\59_train_1_.png,0.8911826610565186,1,True,True,False,"Clinical context: Not provided. Technique: The provided analysis is based on a binary classification algorithm for the detection of pneumothorax. Findings: The algorithmic output indicates a positive classification for pneumothorax. Impression: The algorithmic analysis suggests the presence of a pneumothorax. Localisation, size, and assessment for tension are not available from this output.

Recommendations: This output requires review by a qualified radiologist. Clinical correlation is essential. Further imaging may be indicated based on the clinical scenario. Limitations: This is a binary classification output only. It does not provide localisation or severity assessment. Performance may vary with image acquisition parameters and patient population. The output is not a substitute for a formal diagnostic report by a radiologist."
G3_both,C:\Users\Steven\Desktop\Final Project\Datasets\Dataset_1\Chest X-Ray Images with Pneumothorax Masks\png_images\59_train_1_.png,0.8911826610565186,1,True,True,False,"Clinical context: Not provided. Technique: The provided analysis is based on a single frontal chest radiograph. Findings: The automated analysis indicates findings consistent with a pneumothorax. Specific localisation, size, and assessment for tension are not available from this output. Impression: Findings are suggestive of a pneumothorax. Recommendations: Urgent radiologist review and clinical correlation are required. Further imaging, such as expiratory or lateral decubitus views, may be considered if clinically indicated. Limitations: This is a binary classification output; it does not provide localisation, quantification of size, or assessment for tension physiology. Performance may be affected by image acquisition parameters and anatomical variations. This output must be interpreted by a qualified radiologist in the full clinical context."
G0_llm_only,C:\Users\Steven\Desktop\Final Project\Datasets\Dataset_1\Chest X-Ray Images with Pneumothorax Masks\png_images\8821_train_0_.png,0.020927265286445618,0,True,True,False,"Clinical context: Not provided. Technique: Chest radiograph, single view. Findings: No radiographic evidence of a pneumothorax is identified. The lung fields are clear. Localisation, size, and assessment for tension are not available from this single view. Impression: No pneumothorax detected. Recommendations: Radiologist review and clinical correlation are advised. Further imaging, such as an expiratory view or CT chest, may be considered if clinical suspicion persists. Limitations: This is a preliminary assessment of a single radiographic view. The absence of visible pneumothorax on this image does not definitively exclude a small or localized pneumothorax."
G1_image_rag,C:\Users\Steven\Desktop\Final Project\Datasets\Dataset_1\Chest X-Ray Images with Pneumothorax Masks\png_images\8821_train_0_.png,0.020927265286445618,0,True,True,False,"Clinical context: The study was performed for the evaluation of a potential pneumothorax. Technique: A single frontal chest radiograph was reviewed. Findings: The lung fields are clear without evidence of a visible visceral pleural line. The mediastinal contours and diaphragmatic positions are within normal limits. No focal air collection suggestive of a pneumothorax is identified. Impression: No radiographic evidence of a pneumothorax is present on this single frontal view. Recommendations: This study should be reviewed by a qualified radiologist. Clinical correlation is advised. Further imaging, such as an expiratory view or CT chest, may be considered if clinical suspicion remains high. Limitations: This assessment is based on a single frontal radiograph. Precise localization, quantification of size, and assessment for tension physiology are not available from this output."
G2_text_rag,C:\Users\Steven\Desktop\Final Project\Datasets\Dataset_1\Chest X-Ray Images with Pneumothorax Masks\png_images\8821_train_0_.png,0.020927265286445618,0,True,True,False,"Clinical context: Not provided. Technique: A binary classification algorithm was applied to the provided chest radiograph to assess for the presence of pneumothorax. Findings: The algorithm output indicates a low probability for pneumothorax. Impression: No pneumothorax is suggested by the algorithm. Recommendations: This output requires review by a qualified radiologist. Clinical correlation is essential. Further imaging may be considered if clinically indicated.

Limitations: This is a binary classification output only. It does not provide localisation, size, or assessment for tension physiology. Algorithm performance can be affected by image acquisition parameters and variations in patient presentation. The output is not a substitute for a full diagnostic report by a radiologist."
G3_both,C:\Users\Steven\Desktop\Final Project\Datasets\Dataset_1\Chest X-Ray Images with Pneumothorax Masks\png_images\8821_train_0_.png,0.020927265286445618,0,True,True,False,"Clinical context: Not provided. Technique: A single frontal chest radiograph was analyzed using an automated binary classification system for the detection of pneumothorax. Findings: The automated analysis indicates a low probability for the presence of a pneumothorax on this study. Specific localization, size, or assessment for tension physiology is not available from this output.
Impression: No pneumothorax is suggested by the automated analysis. Recommendations: This output requires review and interpretation by a qualified radiologist. Clinical correlation is essential. Further imaging, such as expiratory views or computed tomography, may be considered if there is a high clinical suspicion. Limitations: This is a binary classification output only. It does not provide localization, quantification, or assessment of severity. Performance may be affected by image acquisition parameters, patient positioning, and underlying pathology. The result must be integrated with the full clinical picture by the interpreting physician."
G0_llm_only,C:\Users\Steven\Desktop\Final Project\Datasets\Dataset_1\Chest X-Ray Images with Pneumothorax Masks\png_images\8245_train_0_.png,0.013857156038284302,0,True,True,False,"Clinical context: Chest radiograph submitted for evaluation. Technique: Single frontal chest radiograph. Findings: No definitive evidence of a pneumothorax is identified on this single frontal projection. The lung fields appear clear without a visible visceral pleural line. Impression: No pneumothorax detected. Recommendations: This finding should be reviewed by a qualified radiologist in the context of the full clinical presentation. Clinical correlation is advised. If clinical suspicion persists, further imaging such as an expiratory view or CT chest may be considered. Limitations: This assessment is based on a single frontal radiograph. Localisation, size quantification, and assessment for tension physiology are not possible from this output alone."
G1_image_rag,C:\Users\Steven\Desktop\Final Project\Datasets\Dataset_1\Chest X-Ray Images with Pneumothorax Masks\png_images\8245_train_0_.png,0.013857156038284302,0,True,True,False,"Clinical context: The study was performed for the evaluation of possible pneumothorax. Technique: A single frontal chest radiograph was obtained. Findings: No definitive evidence of a pneumothorax is identified on the provided image. The lung fields appear clear without a visible visceral pleural line. Impression: No pneumothorax is detected. Recommendations: This finding should be reviewed by a qualified radiologist. Clinical correlation is essential. Further imaging, such as expiratory or lateral decubitus views, may be considered if clinical suspicion remains high. Limitations: The assessment is based on a single frontal radiograph. Precise localization, quantification of size, and evaluation for tension physiology are not available from this output."
G2_text_rag,C:\Users\Steven\Desktop\Final Project\Datasets\Dataset_1\Chest X-Ray Images with Pneumothorax Masks\png_images\8245_train_0_.png,0.013857156038284302,0,True,True,False,"Clinical context: Not provided. Technique: A binary classification algorithm was applied to the chest radiograph to assess for the presence of pneumothorax. Findings: The algorithm output indicates a low probability for pneumothorax. Impression: No pneumothorax is suggested by the algorithm. Recommendations: This output requires review by a qualified radiologist. Clinical correlation and consideration of further imaging, if clinically indicated, are advised. Limitations: This is a binary classification output only. It does not provide localisation, size, or assessment for tension physiology. Performance may vary with image acquisition parameters and patient population. The output is not a substitute for a full diagnostic report."
G3_both,C:\Users\Steven\Desktop\Final Project\Datasets\Dataset_1\Chest X-Ray Images with Pneumothorax Masks\png_images\8245_train_0_.png,0.013857156038284302,0,True,True,False,"Clinical context: Not provided. Technique: The provided analysis is based on a binary classification algorithm for pneumothorax detection. Findings: The algorithm's output indicates a low probability for the presence of a pneumothorax. Specific localisation, size, or assessment for tension is not available from this output. Impression: No pneumothorax is suggested by the algorithm's analysis. Recommendations: This output requires review by a qualified radiologist. Clinical correlation is essential. Further imaging may be considered if clinically indicated. Limitations: This is a binary classification output without localisation or severity grading. Performance may be affected by image acquisition parameters and anatomical variations. The result is not a substitute for a full diagnostic report."
G0_llm_only,C:\Users\Steven\Desktop\Final Project\Datasets\Dataset_1\Chest X-Ray Images with Pneumothorax Masks\png_images\5241_train_0_.png,0.028245065361261368,0,True,True,False,"Clinical context: The clinical indication for this study is not specified. Technique: A frontal chest radiograph was performed. Findings: No radiographic evidence of a pneumothorax is identified. The lung fields are clear. The cardiomediastinal silhouette is unremarkable. No focal consolidation, mass lesion, or pleural effusion is seen. The osseous structures are intact. Impression: No pneumothorax is detected on this single frontal chest radiograph. Recommendations: This study should be reviewed by a consultant radiologist. Clinical correlation is advised. Further imaging, such as an expiratory view or CT chest, may be considered if there is a high clinical suspicion for a pneumothorax. Limitations: This is a preliminary assessment of a single frontal radiograph. Localisation, size quantification, and assessment for tension physiology are not available from this output."
G1_image_rag,C:\Users\Steven\Desktop\Final Project\Datasets\Dataset_1\Chest X-Ray Images with Pneumothorax Masks\png_images\5241_train_0_.png,0.028245065361261368,0,True,True,False,"Clinical context: The study was performed for the evaluation of a potential pneumothorax. Technique: A single frontal chest radiograph was reviewed. Findings: The lung fields are clear without evidence of a visible visceral pleural line. The mediastinal contours and diaphragmatic positions are unremarkable. No focal air collection suggestive of a pneumothorax is identified. Impression: No radiographic evidence of a pneumothorax is present on this single frontal view. Localisation, size, and assessment for tension are not available from this output. Recommendations: This study requires formal review by a qualified radiologist. Clinical correlation is essential. Further imaging, such as an expiratory view or CT chest, may be considered if clinical suspicion persists. Limitations: The assessment is based on a single frontal radiograph. Subtle or localized pneumothoraces may not be apparent on this projection."
G2_text_rag,C:\Users\Steven\Desktop\Final Project\Datasets\Dataset_1\Chest X-Ray Images with Pneumothorax Masks\png_images\5241_train_0_.png,0.028245065361261368,0,True,True,False,"Clinical context: Not provided. Technique: The study was evaluated using an automated binary classification system for pneumothorax detection. Findings: The system output indicates a low probability for pneumothorax. The result is classified as negative. Impression: No pneumothorax detected by the automated system.
Recommendations: This output requires review by a qualified radiologist. Clinical correlation is essential. Further imaging may be considered if clinically indicated. Limitations: This is a binary classification output only. Localisation, size, and assessment for tension pneumothorax are not available from this result. System performance may vary with image acquisition parameters and patient population."
G3_both,C:\Users\Steven\Desktop\Final Project\Datasets\Dataset_1\Chest X-Ray Images with Pneumothorax Masks\png_images\5241_train_0_.png,0.028245065361261368,0,True,True,False,"Clinical context: Not provided. Technique: Analysis performed on a single frontal chest radiograph. Findings: The automated analysis indicates a low probability for the presence of a pneumothorax. No specific localisation, size, or assessment for tension physiology is available from this output. Impression: No pneumothorax is detected by the automated system.

Recommendations: This output requires review by a qualified radiologist. Clinical correlation is essential. Further imaging, such as expiratory views or computed tomography, may be considered if there is a high clinical suspicion. Limitations: This is a binary classification output only. It does not provide localisation, quantification of size, or assessment for tension. Performance may be affected by image acquisition parameters and anatomical variations. The result must be interpreted in conjunction with a full radiological review and the clinical context."
G0_llm_only,C:\Users\Steven\Desktop\Final Project\Datasets\Dataset_1\Chest X-Ray Images with Pneumothorax Masks\png_images\5797_train_0_.png,0.030834952369332314,0,True,True,False,"Clinical context: The provided information indicates this is an assessment for the presence of pneumothorax. No specific clinical details are provided. Technique: The findings are based on a binary classification analysis of a chest radiograph. Findings: The analysis indicates a low probability for the presence of a pneumothorax. No specific localisation, size, or features of tension are available from this output. Impression: No pneumothorax is detected based on the provided analysis. Recommendations: This output requires review by a qualified radiologist. Clinical correlation is essential. Further imaging, such as computed tomography, may be considered if clinical suspicion persists. Limitations: This is an automated analysis. The assessment is binary and does not provide localisation, quantification, or evaluation for features of tension pneumothorax. The findings must be integrated with the full clinical picture."
G1_image_rag,C:\Users\Steven\Desktop\Final Project\Datasets\Dataset_1\Chest X-Ray Images with Pneumothorax Masks\png_images\5797_train_0_.png,0.030834952369332314,0,True,True,False,"Clinical context: Not provided. Technique: The provided analysis is based on a single frontal chest radiograph. Findings: The analysis indicates a low probability for the presence of a pneumothorax. Specific features such as a visible pleural line, lung edge, or focal lucency are not described. Localisation, size, and assessment for tension are not available from this output. Impression: No pneumothorax is suggested based on the provided analysis. Recommendations: This output requires review by a qualified radiologist. Clinical correlation is essential. Further imaging, such as expiratory views or CT chest, may be considered if there is a high clinical suspicion. Limitations: This is an automated analysis of a single frontal chest radiograph. It does not constitute a formal diagnostic report. The assessment is limited by the absence of clinical history, prior studies for comparison, and specific radiographic detail."
G2_text_rag,C:\Users\Steven\Desktop\Final Project\Datasets\Dataset_1\Chest X-Ray Images with Pneumothorax Masks\png_images\5797_train_0_.png,0.030834952369332314,0,True,True,False,"Clinical context: Not provided. Technique: A binary classification algorithm was applied to the provided chest radiograph. Findings: The algorithm output indicates a low probability for the presence of a pneumothorax. Impression: No pneumothorax is suggested by the algorithm. Recommendations: This output requires review by a qualified radiologist. Clinical correlation and further imaging should be considered if clinically indicated.

Limitations: This is a binary classification output only. It does not provide localisation, size, or assessment for tension. Performance may vary with image acquisition parameters and patient population. The output is not a substitute for a full diagnostic report by a radiologist."
G3_both,C:\Users\Steven\Desktop\Final Project\Datasets\Dataset_1\Chest X-Ray Images with Pneumothorax Masks\png_images\5797_train_0_.png,0.030834952369332314,0,True,True,False,"Clinical context: Not provided. Technique: Analysis performed on a single frontal chest radiograph. Findings: The automated analysis indicates a low probability for the presence of a pneumothorax. No specific localisation, size, or features of tension are available from this output. Impression: No pneumothorax is suggested by the automated analysis. Recommendations: This output requires review by a qualified radiologist. Clinical correlation is essential. Further imaging, such as expiratory or lateral decubitus views, may be considered if there is a high clinical suspicion. Limitations: This is a binary classification output. It does not provide localisation, size estimation, or assessment for tension physiology. Performance may be affected by image acquisition parameters and anatomical variations. The output is not a substitute for expert interpretation."
G0_llm_only,C:\Users\Steven\Desktop\Final Project\Datasets\Dataset_1\Chest X-Ray Images with Pneumothorax Masks\png_images\7514_train_0_.png,0.08300580084323883,0,True,True,False,"Clinical context: Chest radiograph submitted for evaluation. Technique: Single frontal chest radiograph. Findings: No definitive evidence of a pneumothorax is identified on this single frontal projection. The lung fields are clear, and no obvious visceral pleural line is seen. Impression: No pneumothorax detected. Recommendations: This finding should be reviewed by a qualified radiologist in the context of the full clinical presentation. Clinical correlation is advised. If clinical suspicion persists, further imaging such as an expiratory view or computed tomography may be considered. Limitations: This assessment is based on a single frontal radiograph. Localisation, size quantification, and assessment for tension physiology are not possible from this projection alone."
G1_image_rag,C:\Users\Steven\Desktop\Final Project\Datasets\Dataset_1\Chest X-Ray Images with Pneumothorax Masks\png_images\7514_train_0_.png,0.08300580084323883,0,True,True,False,"Clinical context: Not provided. Technique: The provided analysis is based on a single frontal chest radiograph. Findings: The analysis indicates a low probability for the presence of a pneumothorax. No specific localisation, size, or features of tension are available from this output. Impression: No pneumothorax is detected on this analysis. Recommendations: This output requires review by a qualified radiologist. Clinical correlation is essential. Further imaging, such as expiratory views or computed tomography, may be considered if clinical suspicion persists. Limitations: This is an automated analysis of a single radiographic projection. It does not provide a definitive diagnosis and cannot assess for subtle or localized findings, nor can it evaluate for signs of tension."
G2_text_rag,C:\Users\Steven\Desktop\Final Project\Datasets\Dataset_1\Chest X-Ray Images with Pneumothorax Masks\png_images\7514_train_0_.png,0.08300580084323883,0,True,True,False,"Clinical context: Not provided. Technique: Automated binary classification analysis for pneumothorax detection was performed on the submitted chest radiograph. Findings: The analysis indicates a low probability for the presence of a pneumothorax. Impression: No pneumothorax is suggested by the automated analysis. Recommendations: This output requires review by a qualified radiologist. Clinical correlation and consideration of further imaging, if clinically indicated, are advised. Limitations: This is a binary classification output; localisation, size, and assessment for tension are not available. Performance may vary with image acquisition parameters and patient population."
G3_both,C:\Users\Steven\Desktop\Final Project\Datasets\Dataset_1\Chest X-Ray Images with Pneumothorax Masks\png_images\7514_train_0_.png,0.08300580084323883,0,True,True,False,"Clinical context: Not provided. Technique: Analysis performed on a single frontal chest radiograph. Findings: The automated analysis indicates a low probability for the presence of a pneumothorax. No specific localisation, size, or features of tension are available from this output. Impression: No definitive evidence of pneumothorax is identified by the automated analysis. Recommendations: This output requires review by a qualified radiologist. Clinical correlation is essential. Further imaging may be considered if clinically indicated. Limitations: This is a binary classification output only. It does not provide localisation, quantification of size, or assessment for tension physiology. Performance may be affected by image acquisition parameters and anatomical variations. The result is not a substitute for a full diagnostic report."
G0_llm_only,C:\Users\Steven\Desktop\Final Project\Datasets\Dataset_1\Chest X-Ray Images with Pneumothorax Masks\png_images\6699_train_0_.png,0.014293243177235126,0,True,True,False,"Clinical context: The provided information indicates a request for binary classification regarding the presence or absence of a pneumothorax. No specific clinical history or patient demographics are available.
Technique: Assessment is based on a provided classification output. No details regarding the specific imaging modality, projections, or technical parameters are available for inclusion in this report.
Findings: The classification output indicates a prediction for the absence of a pneumothorax. Localisation, size, and assessment for features of tension are not available from this output.
Impression: No evidence of pneumothorax is suggested by the provided classification output.
Recommendations: This output requires review and interpretation by a qualified radiologist in the full clinical context. Clinical correlation is essential. Further imaging may be considered if clinically indicated.
Limitations: This assessment is derived from a limited classification output without direct review of the source images. It does not constitute a formal radiological report. The absence of specific imaging details, including laterality and quantitative measurements, is a significant limitation."
G1_image_rag,C:\Users\Steven\Desktop\Final Project\Datasets\Dataset_1\Chest X-Ray Images with Pneumothorax Masks\png_images\6699_train_0_.png,0.014293243177235126,0,True,True,False,"Clinical context: Not provided. Technique: Chest radiograph. Findings: No definitive evidence of pneumothorax is identified. The lung fields are clear without a visible visceral pleural line. The mediastinal contours and diaphragmatic positions are unremarkable. Localisation, size, and assessment for tension are not available from this output. Impression: No pneumothorax detected.

Recommendations: This preliminary assessment requires formal review by a consultant radiologist. Clinical correlation is essential. Further imaging, such as computed tomography, may be considered if there is a high clinical suspicion for pneumothorax. Limitations: This is an automated preliminary assessment based on a single frontal chest radiograph. The absence of lateral or expiratory views limits sensitivity. The assessment does not evaluate for other pathologies."
G2_text_rag,C:\Users\Steven\Desktop\Final Project\Datasets\Dataset_1\Chest X-Ray Images with Pneumothorax Masks\png_images\6699_train_0_.png,0.014293243177235126,0,True,True,False,"Clinical context: Not provided. Technique: Chest radiograph. Findings: The automated analysis indicates a low probability for the presence of a pneumothorax. Impression: No pneumothorax is detected by the automated system. Recommendations: This output requires review by a qualified radiologist. Clinical correlation is essential. Further imaging may be considered if clinically indicated.

Limitations: This is a binary classification output. It does not provide localisation, size, or assessment for tension. System performance may be affected by image acquisition parameters and domain shift. The result is generated by an automated tool and must not be used as a sole diagnostic determinant."
G3_both,C:\Users\Steven\Desktop\Final Project\Datasets\Dataset_1\Chest X-Ray Images with Pneumothorax Masks\png_images\6699_train_0_.png,0.014293243177235126,0,True,True,False,"Clinical context: Not provided. Technique: A single frontal chest radiograph was analysed using an automated binary classification system for pneumothorax detection. Findings: The automated analysis indicates a low probability for the presence of a pneumothorax on this study. No specific localisation, size, or features of tension are available from this output. Impression: No pneumothorax is suggested by the automated analysis. Recommendations: This output requires review by a qualified radiologist. Clinical correlation is essential. Further imaging, such as expiratory views or CT chest, may be considered if clinical suspicion persists. Limitations: This is a binary classification output only. It does not provide localisation, quantification of size, or assessment for tension physiology. Performance may be affected by image acquisition parameters and anatomical variations. The result must be interpreted in the full clinical context by a physician."
G0_llm_only,C:\Users\Steven\Desktop\Final Project\Datasets\Dataset_1\Chest X-Ray Images with Pneumothorax Masks\png_images\280_train_0_.png,0.13922546803951263,0,True,True,False,"Clinical context: This report is generated from a chest radiograph submitted for binary classification regarding the presence or absence of pneumothorax. No specific clinical history or patient demographics are provided.
Technique: Frontal chest radiograph. The image was processed by an automated analysis system for the detection of pneumothorax.
Findings: The automated analysis system did not detect findings indicative of a pneumothorax on this frontal chest radiograph. Specific localisation, size, or assessment for tension physiology is not available from this output.
Impression: No pneumothorax detected by the automated analysis system on this single frontal chest radiograph.
Recommendations: This automated output requires review and confirmation by a qualified radiologist. Clinical correlation is essential. Further imaging, such as expiratory views, lateral decubitus views, or computed tomography, may be considered if there is a high clinical suspicion for pneumothorax despite these findings.
Limitations: This assessment is based on a single frontal chest radiograph. The analysis is limited to the binary detection of pneumothorax and does not provide localization, quantification, or evaluation for tension. The absence of a detected pneumothorax does not definitively exclude a small or localized pneumothorax, particularly in the anterior or subpulmonic regions."
G1_image_rag,C:\Users\Steven\Desktop\Final Project\Datasets\Dataset_1\Chest X-Ray Images with Pneumothorax Masks\png_images\280_train_0_.png,0.13922546803951263,0,True,True,False,"Clinical context: Not provided. Technique: The provided analysis is based on a single frontal chest radiograph. Findings: The analysis indicates a low likelihood for the presence of a pneumothorax. Specific features such as laterality, size, or signs of tension are not available from this output. Impression: No pneumothorax is suggested by the analysis. Recommendations: This output requires formal review by a qualified radiologist. Clinical correlation is essential. Further imaging, such as expiratory or lateral decubitus views, may be considered if there is a high clinical suspicion. Limitations: This is an automated analysis of a single frontal radiograph. It does not provide a definitive diagnosis and cannot assess for tension physiology or small apical pneumothoraces. Clinical findings and patient history are critical for accurate interpretation."
G2_text_rag,C:\Users\Steven\Desktop\Final Project\Datasets\Dataset_1\Chest X-Ray Images with Pneumothorax Masks\png_images\280_train_0_.png,0.13922546803951263,0,True,True,False,"Clinical context: Not provided. Technique: The provided analysis is based on a binary classification algorithm for pneumothorax detection. Findings: The algorithm output indicates a low probability for the presence of pneumothorax. The result is borderline near the decision threshold. Impression: The classification result is indeterminate. No localisation, size, or assessment for tension pneumothorax is available from this output.
Recommendations: This output requires review by a qualified radiologist. Clinical correlation is essential. Further imaging should be considered if clinically indicated. Limitations: This is a binary classification only. Performance may vary with image acquisition parameters and patient population. The output does not provide localisation or severity assessment and must be interpreted in conjunction with the original imaging study and full clinical context."
G3_both,C:\Users\Steven\Desktop\Final Project\Datasets\Dataset_1\Chest X-Ray Images with Pneumothorax Masks\png_images\280_train_0_.png,0.13922546803951263,0,True,True,False,"Clinical context: The provided information indicates a binary classification task for pneumothorax detection. Technique: The analysis is based on a single frontal chest radiograph. Findings: The automated analysis for pneumothorax is negative. The output is borderline near the decision threshold. Impression: No pneumothorax is detected by the automated system. The result is of low confidence and should be considered indeterminate. Recommendations: This output requires urgent review by a qualified radiologist. Clinical correlation is essential. Further imaging, such as expiratory or lateral decubitus views or CT chest, should be considered if there is high clinical suspicion. Limitations: This is a binary classification only; no localisation, size, or assessment for tension is available from this output. Performance may vary with image acquisition parameters and patient population. The output is not a substitute for a formal radiological report."
G0_llm_only,C:\Users\Steven\Desktop\Final Project\Datasets\Dataset_1\Chest X-Ray Images with Pneumothorax Masks\png_images\5809_train_0_.png,0.03568132221698761,0,True,True,False,"Clinical context: This report is generated from a chest radiograph submitted for the assessment of possible pneumothorax. Technique: The study is a single frontal chest radiograph. Findings: No definitive radiographic evidence of a pneumothorax is identified on this single frontal projection. The calibrated prediction score for pneumothorax is low. Impression: No pneumothorax is detected on this single frontal chest radiograph. Recommendations: This finding should be reviewed by a qualified radiologist in the context of the full clinical presentation. Clinical correlation is essential. If clinical suspicion persists, further imaging such as an expiratory view or computed tomography may be considered. Limitations: This assessment is based on a single frontal radiograph. Localisation, size quantification, and assessment for tension physiology are not possible from this single view. The absence of a visible pneumothorax on this projection does not definitively exclude a small or localized pneumothorax."
G1_image_rag,C:\Users\Steven\Desktop\Final Project\Datasets\Dataset_1\Chest X-Ray Images with Pneumothorax Masks\png_images\5809_train_0_.png,0.03568132221698761,0,True,True,False,"Clinical context: Not provided. Technique: The provided analysis is based on a single frontal chest radiograph. Findings: The image analysis indicates a low probability for the presence of a pneumothorax. Specific features such as a visible pleural line, lung edge, or focal lucency are not identified. Localisation, size, and assessment for tension are not available from this output. Impression: No radiographic evidence of pneumothorax is identified on this single frontal projection. Recommendations: This finding requires review by a qualified radiologist. Clinical correlation is essential. Further imaging, such as expiratory or lateral decubitus views, may be considered if clinical suspicion remains high. Limitations: This assessment is based on a single frontal radiograph. Subtle or localized pneumothoraces, particularly anterior or apical, may not be apparent on this view. The absence of clinical history limits contextual interpretation."
G2_text_rag,C:\Users\Steven\Desktop\Final Project\Datasets\Dataset_1\Chest X-Ray Images with Pneumothorax Masks\png_images\5809_train_0_.png,0.03568132221698761,0,True,True,False,"Clinical context: Not provided. Technique: The study was evaluated using an automated binary classification system for the detection of pneumothorax. Findings: The system output is negative for pneumothorax. The classification confidence is borderline near the operational decision threshold. Impression: The automated classification result is negative for pneumothorax but is of low confidence and should be considered indeterminate. Recommendations: This output requires definitive review by a qualified radiologist. Clinical correlation and consideration of further imaging, if clinically indicated, are advised. Limitations: This is a binary classification output only; no information regarding localisation, size, or the presence of tension physiology is available. System performance may be affected by image acquisition parameters and domain shift from the training data."
G3_both,C:\Users\Steven\Desktop\Final Project\Datasets\Dataset_1\Chest X-Ray Images with Pneumothorax Masks\png_images\5809_train_0_.png,0.03568132221698761,0,True,True,False,"Clinical context: Not provided. Technique: Analysis performed on a single frontal chest radiograph. Findings: The automated analysis indicates a low probability for the presence of a pneumothorax. Specific localisation, size, and assessment for tension are not available from this output. Impression: No pneumothorax is suggested by the automated analysis. Recommendations: This output requires review by a qualified radiologist. Clinical correlation is essential. Further imaging, such as expiratory or lateral decubitus views, may be considered if clinically indicated. Limitations: This is a binary classification output only. It does not provide localisation, quantification of size, or assessment for tension. Performance may vary with image acquisition parameters and patient population. The output is not a substitute for expert human interpretation."
G0_llm_only,C:\Users\Steven\Desktop\Final Project\Datasets\Dataset_1\Chest X-Ray Images with Pneumothorax Masks\png_images\29_test_0_.png,0.13151119649410248,0,True,True,False,"Clinical context: A chest radiograph was submitted for evaluation concerning the possibility of pneumothorax.
Technique: A single frontal chest radiograph was reviewed.
Findings: The lung fields are clear. No evidence of a pneumothorax is identified on this single frontal projection. Specific localisation, size, or features of tension are not available for assessment from this output.
Impression: No pneumothorax detected on this single frontal chest radiograph.
Recommendations: Formal review by a consultant radiologist is required. Clinical correlation is essential. Further imaging, such as an expiratory view or CT chest, may be considered if clinical suspicion persists.
Limitations: This assessment is based on a single frontal projection. A small or localized pneumothorax, particularly an anterior one, may not be visible on this view. The absence of lateral or decubitus views limits sensitivity."
G1_image_rag,C:\Users\Steven\Desktop\Final Project\Datasets\Dataset_1\Chest X-Ray Images with Pneumothorax Masks\png_images\29_test_0_.png,0.13151119649410248,0,True,True,False,"Clinical context: Not provided. Technique: The provided analysis is based on a single frontal chest radiograph. Findings: The analysis indicates no evidence of pneumothorax. Specific features such as laterality, size, or signs of tension are not available from this output. Impression: No pneumothorax detected. Recommendations: This finding requires review by a qualified radiologist. Clinical correlation is essential. Further imaging, such as expiratory or lateral decubitus views, may be considered if there is a high clinical suspicion. Limitations: This is an automated analysis of a single radiographic projection. The assessment is binary and does not provide localization, quantification, or evaluation for tension physiology."
G2_text_rag,C:\Users\Steven\Desktop\Final Project\Datasets\Dataset_1\Chest X-Ray Images with Pneumothorax Masks\png_images\29_test_0_.png,0.13151119649410248,0,True,True,False,"Clinical context: Not provided. Technique: Automated binary classification analysis of a chest radiograph for pneumothorax. Findings: The automated analysis indicates a negative classification for pneumothorax. The output confidence is borderline near the decision threshold. Impression: The result is considered indeterminate. No definitive assessment for pneumothorax can be made based on this automated output alone. Recommendations: Urgent radiologist review of the source images is required. Clinical correlation is essential. Further imaging may be indicated based on clinical findings. Limitations: This is a binary classification output; localisation, size, and assessment for tension are not available. Performance may vary with image acquisition parameters and patient population. The output is not a substitute for expert interpretation."
G3_both,C:\Users\Steven\Desktop\Final Project\Datasets\Dataset_1\Chest X-Ray Images with Pneumothorax Masks\png_images\29_test_0_.png,0.13151119649410248,0,True,True,False,"Clinical context: Not provided. Technique: Analysis performed on a single frontal chest radiograph. Findings: No definitive evidence of pneumothorax is identified. The assessment is based on a binary classification output. Impression: No pneumothorax detected. Recommendations: This output requires review by a qualified radiologist. Clinical correlation is essential. Further imaging may be considered if clinically indicated. Limitations: This is a binary classification output; localisation, size, and assessment for tension are not available. Performance may be influenced by image acquisition parameters and domain shift."
G0_llm_only,C:\Users\Steven\Desktop\Final Project\Datasets\Dataset_1\Chest X-Ray Images with Pneumothorax Masks\png_images\8294_train_0_.png,0.06469396501779556,0,True,True,False,"Clinical context: Not provided. Technique: Chest radiograph, single view. Findings: No radiographic evidence of a pneumothorax is identified on this single view. The lung fields are clear. Specific localisation, size, or assessment for tension physiology is not possible from this single view. Impression: No pneumothorax detected. Recommendations: This finding should be reviewed by a qualified radiologist in the context of the full clinical presentation. Clinical correlation is advised. If clinical suspicion persists, further imaging such as an expiratory view or computed tomography may be considered. Limitations: Assessment is based on a single radiographic view. Subtle or localized pneumothoraces may not be visible on this projection."
G1_image_rag,C:\Users\Steven\Desktop\Final Project\Datasets\Dataset_1\Chest X-Ray Images with Pneumothorax Masks\png_images\8294_train_0_.png,0.06469396501779556,0,True,True,False,"Clinical context: The study was performed for the evaluation of a potential pneumothorax. Technique: A single frontal chest radiograph was reviewed. Findings: No definitive radiographic evidence of a pneumothorax is identified on this single frontal projection. The lung fields appear clear without a visible visceral pleural line. Specific localization, size, or assessment for tension is not available from this output. Impression: No pneumothorax is detected on this radiograph. Recommendations: This finding should be reviewed by a qualified radiologist. Clinical correlation is essential. Further imaging, such as an expiratory view or CT chest, may be considered if clinical suspicion remains high. Limitations: The assessment is based on a single frontal radiograph. Subtle or localized findings may not be apparent on this view alone."
G2_text_rag,C:\Users\Steven\Desktop\Final Project\Datasets\Dataset_1\Chest X-Ray Images with Pneumothorax Masks\png_images\8294_train_0_.png,0.06469396501779556,0,True,True,False,"Clinical context: Not provided. Technique: The provided analysis is based on a binary classification algorithm for the detection of pneumothorax. Findings: The algorithm output is negative for pneumothorax. The classification confidence is borderline near the decision threshold. Impression: The result is considered indeterminate. A definitive assessment for pneumothorax cannot be made based on this algorithmic output alone. Recommendations: Urgent radiologist review of the source imaging is required. Clinical correlation is essential. Further imaging may be indicated based on the clinical scenario and radiologist's assessment. Limitations: This is a binary classification output only. No information regarding localisation, size, or the presence of tension physiology is available. Algorithm performance can be affected by image acquisition parameters and domain shift. The output must not be used for clinical decision-making without expert human review."
G3_both,C:\Users\Steven\Desktop\Final Project\Datasets\Dataset_1\Chest X-Ray Images with Pneumothorax Masks\png_images\8294_train_0_.png,0.06469396501779556,0,True,True,False,"Clinical context: This report is based on an automated analysis of a chest radiograph for the presence of pneumothorax. Technique: The image was processed by a computer-assisted detection system configured for binary classification. Findings: The system's output indicates a low predicted probability for pneumothorax. No specific localisation, size, or features of tension are available from this automated analysis.
Impression: No pneumothorax is suggested by the automated analysis. Recommendations: This output requires review by a qualified radiologist. Clinical correlation is essential. Further imaging, such as expiratory views or CT, may be considered if there is a high clinical suspicion. Limitations: This is a binary classification output; it does not provide localisation, quantification of size, or assessment for tension physiology. Performance may be affected by image acquisition parameters and anatomical variations."
G0_llm_only,C:\Users\Steven\Desktop\Final Project\Datasets\Dataset_1\Chest X-Ray Images with Pneumothorax Masks\png_images\91_test_0_.png,0.8538504838943481,1,True,True,False,"Clinical context: This report is generated from a chest radiograph submitted for the assessment of possible pneumothorax. Technique: The study is a single frontal chest radiograph. Findings: The algorithm has identified features consistent with a pneumothorax. Specific localisation, size, and assessment for tension are not available from this output. Impression: Findings are suggestive of a pneumothorax. Recommendations: This output requires urgent review by a qualified radiologist. Clinical correlation is essential. Further imaging, such as a lateral decubitus view or CT chest, may be indicated based on the radiologist's assessment and clinical findings. Limitations: This is an automated analysis of a single frontal radiograph. It does not constitute a formal diagnostic report. The assessment is binary and does not provide detailed anatomical localisation, quantification, or evaluation for signs of tension."
G1_image_rag,C:\Users\Steven\Desktop\Final Project\Datasets\Dataset_1\Chest X-Ray Images with Pneumothorax Masks\png_images\91_test_0_.png,0.8538504838943481,1,True,True,False,"Clinical context: Not provided. Technique: The provided analysis is based on a single frontal chest radiograph. Findings: The analysis indicates findings consistent with a pneumothorax. Specific localisation, size, and assessment for tension are not available from this output. Impression: Findings are suggestive of a pneumothorax. Recommendations: Urgent radiologist review of the source images is required. Clinical correlation is essential. Further imaging, such as expiratory or lateral decubitus views, or cross-sectional imaging, may be considered if clinically indicated. Limitations: This is an automated analysis of a single frontal radiograph. The assessment is binary and does not provide quantification, laterality, or evaluation for tension physiology. Clinical and radiographic correlation by a qualified physician is mandatory."
G2_text_rag,C:\Users\Steven\Desktop\Final Project\Datasets\Dataset_1\Chest X-Ray Images with Pneumothorax Masks\png_images\91_test_0_.png,0.8538504838943481,1,True,True,False,"Clinical context: Not provided. Technique: Chest radiograph. Findings: The automated analysis indicates a positive finding for pneumothorax. Impression: The automated classification suggests the presence of a pneumothorax. Localisation, size, and assessment for tension are not available from this output.

Recommendations: Urgent radiologist review and clinical correlation are required. Further imaging, such as computed tomography, may be indicated based on the clinical scenario. Limitations: This is a binary classification output only. It does not provide localisation, size, or severity assessment. Performance may vary with image acquisition parameters and patient population. The output must not be used as a sole diagnostic determinant and requires integration with the full clinical picture by a qualified physician."
G3_both,C:\Users\Steven\Desktop\Final Project\Datasets\Dataset_1\Chest X-Ray Images with Pneumothorax Masks\png_images\91_test_0_.png,0.8538504838943481,1,True,True,False,"Clinical context: Not provided. Technique: The provided analysis is based on a single frontal chest radiograph. Findings: The automated analysis indicates findings consistent with a pneumothorax. Specific localisation, size, and assessment for tension are not available from this output. Impression: Findings are suggestive of a pneumothorax. Recommendations: Urgent radiologist review of the source images is required. Clinical correlation is essential. Further imaging, such as expiratory or lateral decubitus views, or cross-sectional imaging, may be considered if clinically indicated.

Limitations: This is a binary classification output only. It does not provide localisation, quantification of size, or assessment for tension physiology. Performance may be affected by image acquisition parameters, patient positioning, and anatomical variations. This automated output is not a substitute for expert radiologist interpretation and must be correlated with the full clinical picture."
G0_llm_only,C:\Users\Steven\Desktop\Final Project\Datasets\Dataset_1\Chest X-Ray Images with Pneumothorax Masks\png_images\3751_train_0_.png,0.027198482304811478,0,True,True,False,"Clinical context: The provided information indicates this is an assessment for the presence of pneumothorax. No specific clinical details are provided. Technique: The findings are based on a binary classification analysis of a chest radiograph. Findings: The analysis indicates a low probability for the presence of a pneumothorax. No specific localisation, size, or features of tension are available from this output. Impression: No pneumothorax is detected based on the provided analysis. Recommendations: The findings should be reviewed by a qualified radiologist. Clinical correlation is essential. Further imaging, such as computed tomography, may be considered if there is a high clinical suspicion. Limitations: This is an automated analysis. The assessment is binary and does not provide localisation, quantification, or evaluation for tension physiology. The final interpretation must be made by a radiologist integrating the full clinical context and a direct review of the images."
G1_image_rag,C:\Users\Steven\Desktop\Final Project\Datasets\Dataset_1\Chest X-Ray Images with Pneumothorax Masks\png_images\3751_train_0_.png,0.027198482304811478,0,True,True,False,"Clinical context: The study was performed for the evaluation of possible pneumothorax. Technique: A single frontal chest radiograph was reviewed. Findings: The lung fields are clear without evidence of a visible visceral pleural line. The mediastinal contours and diaphragmatic positions are unremarkable. There is no subcutaneous emphysema. Specific assessment of pneumothorax size, laterality, or tension is not available from this output. Impression: No radiographic evidence of pneumothorax is identified on this single frontal chest radiograph. Recommendations: This study requires formal review by a qualified radiologist. Clinical correlation is essential. Further imaging, such as expiratory or lateral decubitus views, may be considered if clinical suspicion remains high. Limitations: This assessment is based on a single frontal radiograph. Subtle or localized findings may not be apparent."
G2_text_rag,C:\Users\Steven\Desktop\Final Project\Datasets\Dataset_1\Chest X-Ray Images with Pneumothorax Masks\png_images\3751_train_0_.png,0.027198482304811478,0,True,True,False,"Clinical context: Not provided. Technique: The provided data is the result of an automated binary classification analysis for pneumothorax. Findings: The analysis indicates a negative classification for pneumothorax. The calibrated probability is low. Impression: No pneumothorax is suggested by the automated analysis. Recommendations: This output requires review by a qualified radiologist. Clinical correlation and consideration of further imaging, if clinically indicated, are advised. Limitations: This is a binary classification output only. It does not provide localisation, size, or assessment for tension pneumothorax. Performance may vary with image acquisition parameters and patient population. The output is not a substitute for a full diagnostic report."
G3_both,C:\Users\Steven\Desktop\Final Project\Datasets\Dataset_1\Chest X-Ray Images with Pneumothorax Masks\png_images\3751_train_0_.png,0.027198482304811478,0,True,True,False,"Clinical context: Not provided. Technique: Analysis performed on a single frontal chest radiograph. Findings: No definitive evidence of pneumothorax is identified. The lung fields are clear without a visible visceral pleural line. The mediastinal contours and diaphragmatic positions are unremarkable. Specific localisation, size, or assessment for tension pneumothorax is not available from this analysis.

Impression: No pneumothorax detected. Recommendations: This finding requires review by a qualified radiologist. Clinical correlation is essential. Further imaging, such as expiratory or lateral decubitus views, may be considered if clinical suspicion persists. Limitations: This is a binary classification assessment only. It does not provide localisation, quantification of size, or evaluation for tension physiology. Performance may be affected by image acquisition parameters and anatomical variations. The output is not a substitute for a full diagnostic report by a consultant radiologist."
G0_llm_only,C:\Users\Steven\Desktop\Final Project\Datasets\Dataset_1\Chest X-Ray Images with Pneumothorax Masks\png_images\745_test_1_.png,0.8517851233482361,1,True,True,False,"Clinical context: The provided information indicates a request for binary classification regarding the presence or absence of a pneumothorax. No specific clinical history or patient demographics are available.
Technique: Assessment is based on a provided classification output. No details regarding the specific imaging modality, technique, or radiographic views are available for inclusion in this report.
Findings: The classification output indicates a positive prediction for the presence of a pneumothorax. Specific localisation, size, extent, or the presence of tension signs cannot be assessed from this output.
Impression: Findings are suggestive of a pneumothorax based on the provided classification. A formal radiological review of the source images is required for definitive diagnosis and characterisation.
Recommendations: Urgent review of the source imaging by a qualified radiologist is recommended. Clinical correlation is essential. Further imaging (e.g., expiratory view, CT chest) may be considered if clinically indicated.
Limitations: This assessment is derived from a classification output without direct review of the primary imaging. It does not provide localisation, quantification, or assessment for tension physiology. Clinical decision-making must not be based solely on this output."
G1_image_rag,C:\Users\Steven\Desktop\Final Project\Datasets\Dataset_1\Chest X-Ray Images with Pneumothorax Masks\png_images\745_test_1_.png,0.8517851233482361,1,True,True,False,"Clinical context: Not provided. Technique: The provided analysis is based on a single frontal chest radiograph. Findings: The analysis indicates findings consistent with a pneumothorax. Specific localisation, size, and assessment for tension are not available from this output. Impression: Findings are suggestive of a pneumothorax. Recommendations: Urgent radiologist review of the source images is required. Clinical correlation is essential. Further imaging, such as expiratory or lateral decubitus views, or cross-sectional imaging, may be considered if clinically indicated. Limitations: This is an automated preliminary analysis of a single frontal radiograph. It does not constitute a formal report and must be interpreted by a qualified radiologist in the full clinical context."
G2_text_rag,C:\Users\Steven\Desktop\Final Project\Datasets\Dataset_1\Chest X-Ray Images with Pneumothorax Masks\png_images\745_test_1_.png,0.8517851233482361,1,True,True,False,"Clinical context: Not provided. Technique: A binary classification algorithm was applied to the provided chest radiograph. Findings: The algorithm output indicates a positive classification for pneumothorax. Impression: The algorithm's output suggests the presence of a pneumothorax. Recommendations: This output requires review by a qualified radiologist. Clinical correlation and consideration of further imaging, if clinically indicated, are advised. Limitations: This is a binary classification output only; it does not provide localisation, size, or assessment for tension. Performance may vary with image acquisition parameters and patient population. The output must not be used in isolation for clinical decision-making.

Clinical context: Not provided. Technique: A binary classification algorithm was applied to the provided chest radiograph. Findings: The algorithm output indicates a positive classification for pneumothorax. Impression: The algorithm's output suggests the presence of a pneumothorax. Recommendations: This output requires review by a qualified radiologist. Clinical correlation and consideration of further imaging, if clinically indicated, are advised. Limitations: This is a binary classification output only; it does not provide localisation, size, or assessment for tension. Performance may vary with image acquisition parameters and patient population. The output must not be used in isolation for clinical decision-making."
G3_both,C:\Users\Steven\Desktop\Final Project\Datasets\Dataset_1\Chest X-Ray Images with Pneumothorax Masks\png_images\745_test_1_.png,0.8517851233482361,1,True,True,False,"Clinical context: Not provided. Technique: The provided analysis is based on a binary classification algorithm for pneumothorax detection. Findings: The algorithm output indicates a positive classification for pneumothorax. Specific localisation, size, and assessment for tension are not available from this output. Impression: Algorithm output is positive for pneumothorax.
Recommendations: Urgent radiologist review of the source images is required. Clinical correlation is essential. Further imaging, such as expiratory views or CT, may be considered if clinically indicated. Limitations: This is a binary classification output without localisation or severity assessment. Performance may vary with image acquisition parameters and patient population. The output must not be used as a sole diagnostic determinant and requires integration with full clinical assessment by a qualified physician."
G0_llm_only,C:\Users\Steven\Desktop\Final Project\Datasets\Dataset_1\Chest X-Ray Images with Pneumothorax Masks\png_images\3830_train_0_.png,0.12408299744129181,0,True,True,False,"Clinical context: This report is generated from a chest radiograph submitted for the assessment of possible pneumothorax. Technique: The study is a single frontal chest radiograph. Findings: No definitive radiographic evidence of a pneumothorax is identified on this single frontal projection. The calibrated prediction score for pneumothorax is low. A detailed assessment for a small or localized pneumothorax, including laterality, size, and the presence of tension physiology, is not available from this output. Impression: No pneumothorax detected on this single frontal chest radiograph. Recommendations: This finding requires review by a qualified radiologist. Clinical correlation is essential. Further imaging, such as an expiratory view or computed tomography, may be considered if there is a high clinical suspicion. Limitations: The assessment is based on a single frontal radiograph. Subtle or localized pneumothoraces, particularly apical or anterior, may not be apparent on this view. The absence of lateral or decubitus views limits the sensitivity of the examination."
G1_image_rag,C:\Users\Steven\Desktop\Final Project\Datasets\Dataset_1\Chest X-Ray Images with Pneumothorax Masks\png_images\3830_train_0_.png,0.12408299744129181,0,True,True,False,"Clinical context: Not provided. Technique: The provided analysis is based on a single frontal chest radiograph. Findings: The analysis indicates a low likelihood for the presence of a pneumothorax. Specific features such as laterality, size, or signs of tension are not available from this output. Impression: No pneumothorax is suggested by the analysis. Recommendations: This output requires formal review by a qualified radiologist. Clinical correlation is essential. Further imaging, such as expiratory or lateral decubitus views or CT chest, may be considered if there is a high clinical suspicion. Limitations: This is an automated analysis of a single frontal radiograph. It does not provide a definitive diagnosis and cannot assess for subtle findings, localisation, or size of a pneumothorax. Clinical context and physical examination are critical."
G2_text_rag,C:\Users\Steven\Desktop\Final Project\Datasets\Dataset_1\Chest X-Ray Images with Pneumothorax Masks\png_images\3830_train_0_.png,0.12408299744129181,0,True,True,False,"Clinical context: Not provided. Technique: A binary classification algorithm was applied to the submitted chest radiograph to assess for the presence of pneumothorax. Findings: The algorithm output is negative for pneumothorax. Impression: No pneumothorax is detected by the automated classification system. Recommendations: This output requires review by a qualified radiologist. Clinical correlation is essential. Further imaging may be considered if clinically indicated.

Limitations: This is a binary classification output only. It does not provide localisation, size, or assessment for tension physiology. Performance may be affected by image acquisition parameters and domain shift. The result is generated by an algorithm and must not be used for clinical decision-making without expert human interpretation."
G3_both,C:\Users\Steven\Desktop\Final Project\Datasets\Dataset_1\Chest X-Ray Images with Pneumothorax Masks\png_images\3830_train_0_.png,0.12408299744129181,0,True,True,False,"Clinical context: Not provided. Technique: Analysis performed on a single frontal chest radiograph. Findings: The automated analysis indicates a low probability for the presence of a pneumothorax. No specific localisation, size, or features of tension are available from this output. Impression: No pneumothorax is suggested by the automated analysis. Recommendations: This output requires review by a qualified radiologist. Clinical correlation is essential. Further imaging, such as expiratory or lateral decubitus views, may be considered if there is a high clinical suspicion. Limitations: This is a binary classification output only. It does not provide localisation, size estimation, or assessment for tension physiology. Performance may be affected by image acquisition parameters and anatomical variations. The result is not a substitute for expert human interpretation."
G0_llm_only,C:\Users\Steven\Desktop\Final Project\Datasets\Dataset_1\Chest X-Ray Images with Pneumothorax Masks\png_images\158_test_0_.png,0.07027007639408112,0,True,True,False,"Clinical context: This report is generated from a chest radiograph submitted for the assessment of possible pneumothorax. Technique: The study is a single frontal chest radiograph. Findings: No definitive radiographic evidence of a pneumothorax is identified on this single frontal projection. The calibrated prediction score for pneumothorax is low. Impression: No pneumothorax is detected on this single frontal chest radiograph. Recommendations: This finding should be reviewed by a qualified radiologist in the context of the full clinical presentation. Clinical correlation is essential. If clinical suspicion persists, further imaging such as an expiratory view, lateral decubitus view, or computed tomography may be considered as clinically indicated. Limitations: This assessment is based on a single frontal projection. Localisation, quantification of size, and assessment for tension physiology are not possible from this output alone."
G1_image_rag,C:\Users\Steven\Desktop\Final Project\Datasets\Dataset_1\Chest X-Ray Images with Pneumothorax Masks\png_images\158_test_0_.png,0.07027007639408112,0,True,True,False,"Clinical context: Not provided. Technique: The provided analysis is based on a single frontal chest radiograph. Findings: The analysis indicates no evidence of pneumothorax. Specific features such as a visible pleural line, lung edge, or mediastinal shift are not identified. Localisation, size, and assessment for tension are not available from this output. Impression: No pneumothorax detected.

Recommendations: This output requires formal review by a qualified radiologist. Clinical correlation is essential. Further imaging, such as expiratory views or computed tomography, may be considered if there is a high clinical suspicion for pneumothorax despite these findings. Limitations: This is an automated analysis of a single radiographic projection. It does not constitute a formal diagnostic report and cannot exclude subtle or small pneumothoraces, particularly those in an apical or subpulmonic location."
G2_text_rag,C:\Users\Steven\Desktop\Final Project\Datasets\Dataset_1\Chest X-Ray Images with Pneumothorax Masks\png_images\158_test_0_.png,0.07027007639408112,0,True,True,False,"Clinical context: Not provided. Technique: The provided analysis is based on a binary classification algorithm for the detection of pneumothorax. Findings: The algorithm output is negative for pneumothorax. The calculated probability is low and falls below the operational decision threshold. Impression: No pneumothorax is detected by the algorithm. Recommendations: This output requires review by a qualified radiologist. Clinical correlation is essential. Further imaging may be considered if clinically indicated. Limitations: This is a binary classification output; it does not provide localisation, size, or assessment for tension pneumothorax. Performance may be affected by image acquisition parameters and domain shift from the training data."
G3_both,C:\Users\Steven\Desktop\Final Project\Datasets\Dataset_1\Chest X-Ray Images with Pneumothorax Masks\png_images\158_test_0_.png,0.07027007639408112,0,True,True,False,"Clinical context: This report is generated from a chest radiograph submitted for binary classification regarding the presence or absence of pneumothorax. Technique: Analysis was performed using a computational classification system. Findings: The system's output indicates a low probability for the presence of pneumothorax. No specific localisation, size, or assessment for tension pneumothorax is available from this binary output.
Impression: The classification result is negative for pneumothorax. Recommendations: This output requires review by a qualified radiologist. Clinical correlation is essential. Further imaging, such as expiratory views or CT chest, may be considered if clinically indicated. Limitations: This is a binary classification output without localisation or severity assessment. System performance may be affected by image acquisition parameters and domain shift from training data."
G0_llm_only,C:\Users\Steven\Desktop\Final Project\Datasets\Dataset_1\Chest X-Ray Images with Pneumothorax Masks\png_images\1396_train_0_.png,0.36430084705352783,0,True,True,False,"Clinical context: The provided information indicates this is an assessment for the presence of pneumothorax. No specific clinical history or patient demographics are available.
Technique: The findings are based on a binary classification analysis of a chest radiograph. Specific radiographic technique details are not provided.
Findings: The analysis indicates a negative classification for pneumothorax. No specific radiographic features of pneumothorax are described.
Impression: No evidence of pneumothorax is identified based on the provided classification output. Localisation, size, and assessment for tension are not available from this output.
Recommendations: This output requires review by a qualified radiologist. Clinical correlation is essential. Further imaging, such as computed tomography, may be considered if clinical suspicion persists.
Limitations: This is an automated analysis without direct image review. The assessment is binary and does not provide localization, quantification, or evaluation for secondary signs. Clinical context is absent."
G1_image_rag,C:\Users\Steven\Desktop\Final Project\Datasets\Dataset_1\Chest X-Ray Images with Pneumothorax Masks\png_images\1396_train_0_.png,0.36430084705352783,0,True,True,False,"Clinical context: The provided information indicates a binary classification task for pneumothorax. Technique: The analysis is based on a single frontal chest radiograph. Findings: The analysis indicates no evidence of a pneumothorax. Specific details regarding the presence of a pleural line, lung edge, or other localizing features are not available from this output. Impression: No pneumothorax is identified. Recommendations: This finding should be reviewed by a qualified radiologist. Clinical correlation is essential. Further imaging, such as expiratory views or CT, may be considered if there is a high clinical suspicion. Limitations: This is a preliminary assessment. The analysis does not provide information on the laterality, size, or presence of tension physiology. The assessment is based on a single view."
G2_text_rag,C:\Users\Steven\Desktop\Final Project\Datasets\Dataset_1\Chest X-Ray Images with Pneumothorax Masks\png_images\1396_train_0_.png,0.36430084705352783,0,True,True,False,"Clinical context: Not provided. Technique: Automated binary classification analysis performed. Findings: The automated analysis yields a borderline result near the decision threshold, indicating an indeterminate classification for pneumothorax. No localisation, size, or assessment for tension is available from this output. Impression: Indeterminate for pneumothorax. The borderline confidence of the automated analysis precludes a definitive classification.
Recommendations: This output requires urgent review by a qualified radiologist. Clinical correlation is essential. Further imaging should be considered if clinically indicated. Limitations: This is a classification-only output with no localisation or severity assessment. Performance may vary with image acquisition parameters. The output must not be used for clinical decision-making without expert human review."
G3_both,C:\Users\Steven\Desktop\Final Project\Datasets\Dataset_1\Chest X-Ray Images with Pneumothorax Masks\png_images\1396_train_0_.png,0.36430084705352783,0,True,True,False,"Clinical context: Not provided. Technique: Analysis performed on a single frontal chest radiograph. Findings: The automated analysis indicates a borderline probability for the presence of a pneumothorax. The output is classified as negative based on a pre-defined threshold, but the confidence level is low and proximate to that threshold. Specific localisation, size, or assessment for tension is not available from this classification-only output. Impression: Indeterminate for pneumothorax. The automated classification result is of borderline confidence and should not be relied upon in isolation.
Recommendations: Urgent review by a qualified radiologist is required. Clinical correlation is essential. Further imaging, such as expiratory views or computed tomography, may be considered if clinically indicated. Limitations: This is a binary classification output without localisation or quantitative assessment. Performance may be affected by image acquisition parameters and anatomical variations. The result requires definitive human interpretation and should not be used as a sole diagnostic determinant."
G0_llm_only,C:\Users\Steven\Desktop\Final Project\Datasets\Dataset_1\Chest X-Ray Images with Pneumothorax Masks\png_images\5496_train_0_.png,0.07761033624410629,0,True,True,False,"Clinical context: This report is generated from a chest radiograph submitted for the assessment of possible pneumothorax. Technique: The study is a single frontal chest radiograph. Findings: No definitive radiographic evidence of a pneumothorax is identified on this single frontal projection. A detailed assessment for a small or localized pneumothorax, including laterality, size, or features of tension, is not available from this output. Impression: No pneumothorax detected on this single frontal chest radiograph. Recommendations: This finding requires review by a qualified radiologist. Clinical correlation is essential. Further imaging, such as an expiratory view or computed tomography, may be considered if clinical suspicion persists. Limitations: The assessment is based on a single frontal projection. Subtle or localized pneumothoraces may not be apparent on this view alone."
G1_image_rag,C:\Users\Steven\Desktop\Final Project\Datasets\Dataset_1\Chest X-Ray Images with Pneumothorax Masks\png_images\5496_train_0_.png,0.07761033624410629,0,True,True,False,"Clinical context: The study was performed for the evaluation of possible pneumothorax. Technique: A single frontal chest radiograph was reviewed. Findings: The lungs are clear without evidence of a visible pneumothorax. The cardiomediastinal silhouette is unremarkable. No focal consolidation, mass, or large pleural effusion is identified. The osseous structures and soft tissues are grossly intact. Impression: No radiographic evidence of pneumothorax is identified on this single frontal view. Recommendations: This study should be reviewed by a qualified radiologist. Clinical correlation is advised. Further imaging, such as expiratory or lateral decubitus views, may be considered if clinical suspicion persists. Limitations: This assessment is based on a single frontal radiograph. Precise localization, quantification of size, and assessment for tension physiology are not available from this view alone."
G2_text_rag,C:\Users\Steven\Desktop\Final Project\Datasets\Dataset_1\Chest X-Ray Images with Pneumothorax Masks\png_images\5496_train_0_.png,0.07761033624410629,0,True,True,False,"Clinical context: Not provided. Technique: Chest radiograph. Findings: The binary classification output indicates no pneumothorax is detected. The confidence level associated with this classification is borderline. Impression: The result is considered indeterminate due to borderline confidence near the decision threshold. No definitive assessment for pneumothorax can be made based on this output alone.
Recommendations: This output requires mandatory review by a qualified radiologist. Clinical correlation is essential. Further imaging may be indicated based on clinical suspicion and radiologist assessment. Limitations: This is a binary classification output only. It does not provide localisation, size, or assessment for tension pneumothorax. Performance may be affected by image acquisition parameters and domain shift from training data."
G3_both,C:\Users\Steven\Desktop\Final Project\Datasets\Dataset_1\Chest X-Ray Images with Pneumothorax Masks\png_images\5496_train_0_.png,0.07761033624410629,0,True,True,False,"Clinical context: The provided information indicates a binary classification task for pneumothorax detection. Technique: Analysis is based on a single frontal chest radiograph. Findings: The analysis indicates a low probability for the presence of a pneumothorax. Specific localisation, size, and assessment for tension are not available from this output. Impression: No pneumothorax is detected on this single frontal chest radiograph based on the automated analysis.

Recommendations: This output requires review by a qualified radiologist. Clinical correlation is essential. Further imaging, such as expiratory or lateral views, or cross-sectional imaging, may be considered if there is a high clinical suspicion. Limitations: This is a binary classification output; it does not provide localisation or quantification. Performance may be affected by image acquisition parameters and anatomical variations. The result is generated by an automated system and is not a substitute for expert interpretation."
G0_llm_only,C:\Users\Steven\Desktop\Final Project\Datasets\Dataset_1\Chest X-Ray Images with Pneumothorax Masks\png_images\8706_train_0_.png,0.01734090968966484,0,True,True,False,"Clinical context: The clinical indication for this study is not specified. Technique: A frontal chest radiograph was performed. Findings: The cardiomediastinal silhouette is within normal limits. The lungs are clear with no focal consolidation, mass, or nodule. No pneumothorax is identified. The visualized osseous structures are unremarkable. Impression: No acute cardiopulmonary abnormality is identified on this single frontal chest radiograph. Recommendations: The findings should be reviewed by a qualified radiologist. Clinical correlation is advised. Further imaging may be considered if clinically indicated. Limitations: This is a preliminary assessment based on a single frontal projection. Localisation, size, and assessment for tension physiology of a pneumothorax are not available from this output."
G1_image_rag,C:\Users\Steven\Desktop\Final Project\Datasets\Dataset_1\Chest X-Ray Images with Pneumothorax Masks\png_images\8706_train_0_.png,0.01734090968966484,0,True,True,False,"Clinical context: This report is based on an analysis of a chest radiograph for the presence of pneumothorax. Technique: The assessment was performed using a computational analysis of a single frontal chest radiograph. Findings: The analysis indicates a low likelihood of pneumothorax. No specific localisation, size, or features of tension are available from this output. Impression: No evidence of pneumothorax is identified on this analysis. Recommendations: This output requires review by a qualified radiologist. Clinical correlation is essential. Further imaging, such as expiratory or lateral decubitus views, may be considered if there is a high clinical suspicion. Limitations: This is an automated analysis of a single frontal radiograph. It does not provide a definitive diagnosis and cannot assess for subtle or localized findings, nor can it evaluate for signs of tension."
G2_text_rag,C:\Users\Steven\Desktop\Final Project\Datasets\Dataset_1\Chest X-Ray Images with Pneumothorax Masks\png_images\8706_train_0_.png,0.01734090968966484,0,True,True,False,"Clinical context: Not provided. Technique: Automated binary classification analysis of a chest radiograph for pneumothorax. Findings: The analysis indicates a low probability for the presence of a pneumothorax. The output is not near the decision threshold. Impression: No pneumothorax is suggested by the automated analysis.

Recommendations: This output requires review by a qualified radiologist. Clinical correlation is essential. Further imaging may be considered if clinically indicated. Limitations: This is a binary classification only; no localisation, size, or assessment for tension is available. Performance may vary with image acquisition parameters and patient population. The output is not a substitute for a full diagnostic report."
G3_both,C:\Users\Steven\Desktop\Final Project\Datasets\Dataset_1\Chest X-Ray Images with Pneumothorax Masks\png_images\8706_train_0_.png,0.01734090968966484,0,True,True,False,"Clinical context: This report is based on an automated analysis of a chest radiograph for the presence of pneumothorax. Technique: The study was evaluated using a binary classification algorithm. Findings: The algorithm's output indicates a low probability for the presence of a pneumothorax. Specific localisation, size, and assessment for tension are not available from this automated output.
Impression: No pneumothorax is suggested by the automated analysis. Recommendations: This output requires review by a qualified radiologist. Clinical correlation is essential. Further imaging may be considered if clinically indicated. Limitations: This is a binary classification output only. It does not provide localisation, size, or severity assessment. Performance may be affected by image acquisition parameters and domain shift. The output is not a substitute for expert human interpretation."
G0_llm_only,C:\Users\Steven\Desktop\Final Project\Datasets\Dataset_1\Chest X-Ray Images with Pneumothorax Masks\png_images\9389_train_0_.png,0.02175171487033367,0,True,True,False,"Clinical context: The provided information indicates this is an assessment for the presence of pneumothorax. No specific clinical details are provided. Technique: The findings are based on a binary classification analysis of a chest radiograph. Findings: The analysis indicates a low probability for the presence of a pneumothorax. No specific localisation, size, or features of tension are available from this output. Impression: No pneumothorax is detected based on the provided analysis. Recommendations: The findings should be reviewed by a qualified radiologist. Clinical correlation is essential. Further imaging, such as computed tomography, may be considered if there is a high clinical suspicion. Limitations: This is an automated analysis. A definitive assessment of pneumothorax size, laterality, and the presence of tension physiology cannot be made from this output. The final interpretation must be made by a radiologist in the full clinical context."
G1_image_rag,C:\Users\Steven\Desktop\Final Project\Datasets\Dataset_1\Chest X-Ray Images with Pneumothorax Masks\png_images\9389_train_0_.png,0.02175171487033367,0,True,True,False,"Clinical context: Not provided. Technique: The provided analysis is based on a single frontal chest radiograph. Findings: The analysis indicates a low probability for the presence of a pneumothorax. No specific localisation, size, or features of tension are available from this output. Impression: No pneumothorax is detected on this analysis. Recommendations: This finding requires review by a qualified radiologist. Clinical correlation is essential. Further imaging, such as expiratory or lateral decubitus views or CT chest, may be considered if clinical suspicion persists. Limitations: This is an automated analysis of a single frontal radiograph. It does not provide a definitive diagnosis and cannot assess for subtle or localized findings, nor can it evaluate for signs of tension."
G2_text_rag,C:\Users\Steven\Desktop\Final Project\Datasets\Dataset_1\Chest X-Ray Images with Pneumothorax Masks\png_images\9389_train_0_.png,0.02175171487033367,0,True,True,False,"Clinical context: Not provided. Technique: A binary classification algorithm was applied to the chest radiograph to assess for the presence of pneumothorax. Findings: The algorithm output indicates a low probability for pneumothorax. Impression: No pneumothorax is suggested by the algorithm. Recommendations: This output requires review by a qualified radiologist. Clinical correlation and further imaging should be considered if clinically indicated.

Limitations: This is a binary classification output only. It does not provide localisation, size, or assessment for tension. Performance may vary with image acquisition parameters and patient population. The output is not a substitute for a full diagnostic report by a radiologist."
G3_both,C:\Users\Steven\Desktop\Final Project\Datasets\Dataset_1\Chest X-Ray Images with Pneumothorax Masks\png_images\9389_train_0_.png,0.02175171487033367,0,True,True,False,"Clinical context: Not provided. Technique: Analysis performed using a binary classification algorithm for pneumothorax detection on a single frontal chest radiograph. Findings: The algorithm output indicates a low probability for the presence of a pneumothorax. No specific localisation, size, or assessment for tension physiology is available from this analysis.
Impression: No pneumothorax detected by the algorithm. Recommendations: This output requires review by a qualified radiologist. Clinical correlation is essential. Further imaging may be considered if clinically indicated. Limitations: This is a binary classification output only. It does not provide localisation, quantification, or assessment of severity. Performance may be affected by image acquisition parameters and anatomical variations. The result is not a substitute for expert human interpretation."
G0_llm_only,C:\Users\Steven\Desktop\Final Project\Datasets\Dataset_1\Chest X-Ray Images with Pneumothorax Masks\png_images\7876_train_0_.png,0.02588120475411415,0,True,True,False,"Clinical context: The provided information indicates this is an assessment for the presence of pneumothorax. No specific clinical history or patient demographics are available.
Technique: The findings are based on a binary classification analysis of a chest radiograph. The specific radiographic projections and technical parameters are not detailed in the provided output.
Findings: The analysis indicates a low calibrated probability for pneumothorax. No specific localising features, size, or tension signs are described in the available output.
Impression: No radiographic evidence of pneumothorax is identified based on the provided classification output.
Recommendations: This finding requires review by a qualified radiologist in the context of the full clinical presentation. Clinical correlation is essential. Further imaging, such as expiratory views or computed tomography, may be considered if there is a high clinical suspicion.
Limitations: This is an automated assessment. The output does not provide localisation, quantification of size, or assessment for tension pneumothorax. The analysis is based on a single binary classification and does not constitute a formal diagnostic report."
G1_image_rag,C:\Users\Steven\Desktop\Final Project\Datasets\Dataset_1\Chest X-Ray Images with Pneumothorax Masks\png_images\7876_train_0_.png,0.02588120475411415,0,True,True,False,"Clinical context: The provided information indicates a request for binary classification regarding the presence of pneumothorax. Technique: The assessment is based on a computational analysis of a chest radiograph. Findings: The analysis indicates a low likelihood for the presence of a pneumothorax. Specific localisation, size, and assessment for tension are not available from this output. Impression: No pneumothorax is identified based on the provided analysis. Recommendations: Formal review by a consultant radiologist is required. Clinical correlation is essential. Further imaging, such as expiratory views or CT, may be considered if clinically indicated. Limitations: This is an automated analysis and is not a substitute for a full diagnostic report by a qualified radiologist. The output does not provide a detailed anatomical description or exclude other thoracic pathology."
G2_text_rag,C:\Users\Steven\Desktop\Final Project\Datasets\Dataset_1\Chest X-Ray Images with Pneumothorax Masks\png_images\7876_train_0_.png,0.02588120475411415,0,True,True,False,"Clinical context: Not specified in this automated analysis. Technique: Automated binary classification analysis for pneumothorax detection was performed. Findings: The analysis indicates a low probability for pneumothorax. The output is below the classification threshold. Impression: No pneumothorax detected by the automated analysis. Recommendations: This output requires review by a qualified radiologist. Clinical correlation is essential. Further imaging may be considered if clinically indicated. Limitations: This is a binary classification output only. Localisation, size, and assessment for tension pneumothorax are not available from this analysis. Performance may vary with image acquisition parameters and patient population. The output is not a substitute for a full diagnostic radiology report."
G3_both,C:\Users\Steven\Desktop\Final Project\Datasets\Dataset_1\Chest X-Ray Images with Pneumothorax Masks\png_images\7876_train_0_.png,0.02588120475411415,0,True,True,False,"Clinical context: Not provided. Technique: Analysis performed on a single frontal chest radiograph. Findings: No definitive evidence of pneumothorax is identified. The assessment is binary and does not provide localisation, size, or evaluation for tension physiology. Impression: No pneumothorax detected. Recommendations: This output requires review by a qualified radiologist. Clinical correlation is essential. Further imaging, such as expiratory or lateral decubitus views, may be considered if there is a high clinical suspicion. Limitations: This is a binary classification output. It does not localise abnormalities or assess severity. Performance may be affected by image acquisition parameters and anatomical variations. The result must be interpreted in conjunction with a full radiologist's report and the clinical context."
G0_llm_only,C:\Users\Steven\Desktop\Final Project\Datasets\Dataset_1\Chest X-Ray Images with Pneumothorax Masks\png_images\4925_train_0_.png,0.04448783025145531,0,True,True,False,"Clinical context: The patient underwent chest radiography. The specific clinical indication is not provided in this output.
Technique: A single frontal chest radiograph was obtained. The technical adequacy of the study cannot be assessed from this output.
Findings: No definitive radiographic evidence of a pneumothorax is identified. Localisation, size, and assessment for tension are not available from this output.
Impression: No pneumothorax detected on this single frontal chest radiograph.
Recommendations: Radiologist review of the complete imaging study is required. Clinical correlation is essential. Further imaging, such as expiratory or lateral decubitus views, may be considered if clinical suspicion persists.
Limitations: This is a preliminary assessment based on a single frontal projection. The absence of lateral or expiratory views limits sensitivity for small pneumothoraces. The assessment does not include evaluation for other thoracic pathology."
G1_image_rag,C:\Users\Steven\Desktop\Final Project\Datasets\Dataset_1\Chest X-Ray Images with Pneumothorax Masks\png_images\4925_train_0_.png,0.04448783025145531,0,True,True,False,"Clinical context: The study was performed for the evaluation of a potential pneumothorax. Technique: A single frontal chest radiograph was reviewed. Findings: The lung fields are clear without evidence of a visible visceral pleural line. The mediastinal contours and diaphragmatic positions are within normal limits. No focal air collection suggestive of a pneumothorax is identified. Impression: No radiographic evidence of a pneumothorax is present on this single frontal projection. Recommendations: This study should be reviewed by a qualified radiologist. Clinical correlation is advised. If clinical suspicion persists, further imaging such as an expiratory view or computed tomography may be considered. Limitations: This assessment is based on a single frontal radiograph. Precise localization, quantification of size, and assessment for tension physiology are not available from this output."
G2_text_rag,C:\Users\Steven\Desktop\Final Project\Datasets\Dataset_1\Chest X-Ray Images with Pneumothorax Masks\png_images\4925_train_0_.png,0.04448783025145531,0,True,True,False,"Clinical context: Not provided. Technique: The study was evaluated using an automated binary classification system for pneumothorax detection. Findings: The system output indicates a low probability for pneumothorax. The result is borderline near the decision threshold and should be treated as indeterminate. Impression: Indeterminate for pneumothorax based on automated analysis.
Recommendations: This output requires review by a qualified radiologist. Clinical correlation is essential. Further imaging may be considered if clinically indicated. Limitations: This is a binary classification only; no localisation, size, or assessment for tension pneumothorax is available from this output. Performance may vary with image acquisition parameters and clinical context. All outputs require human verification."
G3_both,C:\Users\Steven\Desktop\Final Project\Datasets\Dataset_1\Chest X-Ray Images with Pneumothorax Masks\png_images\4925_train_0_.png,0.04448783025145531,0,True,True,False,"Clinical context: The study was performed for the evaluation of possible pneumothorax. Technique: The analysis is based on a single frontal chest radiograph. Findings: The analysis indicates no evidence of pneumothorax is detected. The assessment is binary and does not provide information regarding the localisation, size, or presence of tension physiology.
Impression: No pneumothorax identified on this analysis. Recommendations: This output requires review by a qualified radiologist. Clinical correlation is essential. Further imaging, such as expiratory views or CT chest, may be considered if clinical suspicion persists. Limitations: This is a binary classification assessment. Performance may be affected by image acquisition parameters, patient positioning, and underlying pathology. The analysis does not provide localisation, quantification, or assessment for tension."
G0_llm_only,C:\Users\Steven\Desktop\Final Project\Datasets\Dataset_1\Chest X-Ray Images with Pneumothorax Masks\png_images\7634_train_0_.png,0.0456240177154541,0,True,True,False,"Clinical context: The provided information indicates this is an assessment for the presence of pneumothorax. No specific clinical details are provided. Technique: The findings are based on a binary classification analysis of a chest radiograph. Findings: The analysis indicates a low probability for the presence of a pneumothorax. No specific localisation, size, or features of tension are available from this output. Impression: No pneumothorax is detected based on the provided analysis. Recommendations: The findings should be reviewed by a qualified radiologist. Clinical correlation is essential. Further imaging, such as computed tomography, may be considered if clinical suspicion persists. Limitations: This is an automated analysis. The assessment does not provide localisation, size, or evaluation for tension physiology. The output is not a substitute for a full diagnostic report by a consultant radiologist."
G1_image_rag,C:\Users\Steven\Desktop\Final Project\Datasets\Dataset_1\Chest X-Ray Images with Pneumothorax Masks\png_images\7634_train_0_.png,0.0456240177154541,0,True,True,False,"Clinical context: Not provided. Technique: The provided chest radiograph was assessed. Findings: No definitive evidence of pneumothorax is identified on this assessment. The lung fields appear clear without a visible visceral pleural line. Impression: No pneumothorax detected. Recommendations: This assessment should be reviewed by a qualified radiologist. Clinical correlation is essential. Further imaging, such as expiratory or lateral decubitus views, may be considered if clinical suspicion persists. Limitations: This is a preliminary assessment. Specific localisation, size quantification, and assessment for tension physiology are not available from this output."
G2_text_rag,C:\Users\Steven\Desktop\Final Project\Datasets\Dataset_1\Chest X-Ray Images with Pneumothorax Masks\png_images\7634_train_0_.png,0.0456240177154541,0,True,True,False,"Clinical context: Not provided. Technique: Automated binary classification analysis of chest radiograph for pneumothorax detection. Findings: The automated analysis indicates a low probability for pneumothorax. The output is near the decision boundary. Impression: Indeterminate result. The automated output should be treated as a screening aid and does not constitute a definitive diagnosis. Recommendations: Urgent radiologist review of the source images is required. Clinical correlation is essential. Further imaging may be indicated based on clinical findings. Limitations: This is a binary classification output only. Localisation, size, and assessment for tension pneumothorax are not available from this analysis. Performance may vary with image acquisition parameters and patient population. The output requires expert human verification and should not be used in isolation for clinical decision-making."
G3_both,C:\Users\Steven\Desktop\Final Project\Datasets\Dataset_1\Chest X-Ray Images with Pneumothorax Masks\png_images\7634_train_0_.png,0.0456240177154541,0,True,True,False,"Clinical context: Not provided. Technique: Analysis performed on a single frontal chest radiograph. Findings: The automated analysis indicates a low probability for the presence of a pneumothorax. Specific localisation, size, and assessment for tension are not available from this output. Impression: No pneumothorax is suggested by the automated analysis. Recommendations: This output requires review by a qualified radiologist. Clinical correlation is essential. Further imaging, such as expiratory or lateral decubitus views, may be considered if clinically indicated. Limitations: This is a binary classification output; it does not provide localisation or quantify size. Performance may be influenced by image acquisition parameters and anatomical variations. The result is not a substitute for a formal radiological report."
G0_llm_only,C:\Users\Steven\Desktop\Final Project\Datasets\Dataset_1\Chest X-Ray Images with Pneumothorax Masks\png_images\8710_train_0_.png,0.013580693863332272,0,True,True,False,"Clinical context: Chest radiograph submitted for evaluation. Technique: Single frontal chest radiograph. Findings: No radiographic evidence of a pneumothorax is identified on this single frontal projection. The lung fields are clear, and the visualized osseous structures are intact. Impression: No pneumothorax detected. Recommendations: This study should be reviewed by a qualified radiologist. Clinical correlation is advised. Further imaging, such as an expiratory view or CT scan, may be considered if clinical suspicion persists. Limitations: This is a preliminary assessment from a single frontal radiograph. Localisation, size quantification, and assessment for tension physiology are not possible from this output alone."
G1_image_rag,C:\Users\Steven\Desktop\Final Project\Datasets\Dataset_1\Chest X-Ray Images with Pneumothorax Masks\png_images\8710_train_0_.png,0.013580693863332272,0,True,True,False,"Clinical context: Not provided. Technique: The provided analysis is based on a single frontal chest radiograph. Findings: No definitive evidence of pneumothorax is identified on the provided frontal chest radiograph. Impression: No pneumothorax is detected. Recommendations: This assessment should be reviewed by a qualified radiologist. Clinical correlation is essential. Further imaging, such as expiratory or lateral decubitus views, may be considered if clinical suspicion persists. Limitations: This is a preliminary assessment of a single frontal radiograph. Specific localization, size quantification, and assessment for tension physiology are not available from this output."
G2_text_rag,C:\Users\Steven\Desktop\Final Project\Datasets\Dataset_1\Chest X-Ray Images with Pneumothorax Masks\png_images\8710_train_0_.png,0.013580693863332272,0,True,True,False,"Clinical context: Not provided. Technique: Automated binary classification for pneumothorax detection applied to a chest radiograph. Findings: The automated analysis indicates a low probability for the presence of a pneumothorax. Impression: No pneumothorax is suggested by the automated analysis. Recommendations: This output requires review by a qualified radiologist. Clinical correlation and further imaging should be considered if clinically indicated.

Limitations: This is a binary classification output; it does not provide localisation, size, or assessment for tension pneumothorax. Performance may be affected by image acquisition parameters and domain shift. The output is not a substitute for a full diagnostic report."
G3_both,C:\Users\Steven\Desktop\Final Project\Datasets\Dataset_1\Chest X-Ray Images with Pneumothorax Masks\png_images\8710_train_0_.png,0.013580693863332272,0,True,True,False,"Clinical context: Not provided. Technique: The provided chest radiograph was analyzed using an automated binary classification system for the detection of pneumothorax. Findings: The automated analysis indicates a low predicted likelihood for the presence of a pneumothorax. No specific localisation, size, or assessment for tension is available from this output. Impression: No pneumothorax is suggested by the automated analysis. Recommendations: This output requires review by a qualified radiologist. Clinical correlation is essential. Further imaging, such as expiratory views or CT, may be considered if clinically indicated. Limitations: This is a binary classification output only. It does not provide localisation, size, or severity assessment. Performance may be affected by image acquisition parameters and anatomical variations. The output is not a substitute for expert radiologist interpretation."
