{
  "val": {
    "acc": 0.7161592505854801,
    "prec": 0.41895261845386533,
    "rec": 0.7058823529411765,
    "f1": 0.5258215962441315,
    "roc_auc": 0.7909467584502156,
    "pr_auc": 0.5726533185803825
  },
  "test": {
    "acc": 0.7164723032069971,
    "prec": 0.40159045725646125,
    "rec": 0.696551724137931,
    "f1": 0.5094577553593947,
    "roc_auc": 0.7839537255401875,
    "pr_auc": 0.5081638781999235
  }
}