{
  "val": {
    "acc": 0.62903981264637,
    "prec": 0.3656462585034014,
    "rec": 0.9033613445378151,
    "f1": 0.5205811138014528,
    "roc_auc": 0.8503654626407525,
    "pr_auc": 0.6408387639618809
  },
  "test": {
    "acc": 0.6202623906705539,
    "prec": 0.34980494148244473,
    "rec": 0.9275862068965517,
    "f1": 0.5080264400377715,
    "roc_auc": 0.8490152336031614,
    "pr_auc": 0.6025924049564756
  }
}